power,aref,vref,xref,v_current,x_current_ticks,x_current_rads,pos1,pos2,to_pos_2,current
-0.000,0.000,-0.000,363.000,-0.000,363,-0.017,0.000,60.000,false,0.003
-0.000,0.000,-0.000,363.000,-0.000,363,-0.017,0.000,60.000,false,0.003
-0.000,0.000,-0.000,363.000,-0.000,363,-0.017,0.000,60.000,false,0.003
-0.000,0.000,-0.000,363.000,-0.000,363,-0.017,0.000,60.000,false,0.003
-0.000,0.000,-0.000,363.000,-0.000,363,-0.017,0.000,60.000,false,0.003
-0.000,0.000,-0.000,363.000,-0.000,363,-0.017,0.000,60.000,false,0.003
-0.000,0.000,-0.000,363.000,-0.000,363,-0.017,0.000,60.000,false,0.003
-0.000,0.000,-0.000,363.000,-0.000,363,-0.017,0.000,60.000,false,0.003
-0.000,0.000,-0.000,363.000,-0.000,363,-0.017,0.000,60.000,false,0.003
-0.000,0.000,-0.000,363.000,-0.000,363,-0.017,0.000,60.000,false,0.003
-0.000,0.000,-0.000,363.000,-0.000,363,-0.017,0.000,60.000,false,0.003
-0.000,0.000,-0.000,363.000,-0.000,363,-0.017,0.000,60.000,false,0.003
-0.000,0.000,-0.000,363.000,-0.000,363,-0.017,0.000,60.000,false,0.003
-0.000,0.000,-0.000,363.000,-0.000,363,-0.017,0.000,60.000,false,0.003
-0.000,0.000,-0.000,363.000,-0.000,363,-0.017,0.000,60.000,false,0.003
-0.000,0.000,-0.000,363.000,-0.000,363,-0.017,0.000,60.000,false,0.003
-0.000,0.000,-0.000,363.000,-0.000,363,-0.017,0.000,60.000,false,0.003
-0.000,0.000,-0.000,363.000,-0.000,363,-0.017,0.000,60.000,false,0.003
-0.000,0.000,-0.000,363.000,-0.000,363,-0.017,0.000,60.000,false,0.000
-0.000,0.000,-0.000,363.000,-0.000,363,-0.017,0.000,60.000,false,0.000
0.122,3000.000,48.182,363.774,-0.000,363,-0.017,0.000,60.000,true,0.000
0.147,3000.000,99.667,365.484,-0.000,363,-0.017,0.000,60.000,true,0.000
0.171,3000.000,146.228,367.754,-0.000,363,-0.017,0.000,60.000,true,0.000
0.197,3000.000,196.836,371.074,-0.000,363,-0.017,0.000,60.000,true,0.000
0.223,3000.000,245.893,375.095,-0.000,364,-0.013,0.000,60.000,true,0.000
0.248,3000.000,292.791,379.672,40.000,365,-0.008,0.000,60.000,true,0.900
0.282,3000.000,355.693,387.130,60.000,367,0.000,0.000,60.000,true,0.900
0.311,3000.000,407.495,394.167,120.000,370,0.013,0.000,60.000,true,0.900
0.335,3000.000,452.436,400.944,140.000,373,0.025,0.000,60.000,true,0.900
0.359,3000.000,497.690,408.452,220.000,378,0.046,0.000,60.000,true,0.900
0.384,3000.000,546.481,417.340,240.000,383,0.067,0.000,60.000,true,0.900
0.419,3000.000,609.041,430.040,380.000,394,0.117,0.000,60.000,true,1.796
0.452,3000.000,670.338,443.737,460.000,402,0.150,0.000,60.000,true,1.796
0.475,3000.000,714.869,454.348,480.000,411,0.188,0.000,60.000,true,1.796
0.499,3000.000,762.103,466.347,560.000,421,0.230,0.000,60.000,true,1.796
0.522,3000.000,808.789,478.933,620.000,432,0.275,0.000,60.000,true,1.796
0.383,-2000.000,775.700,491.767,700.000,444,0.326,0.000,60.000,true,1.796
0.366,-2000.000,743.949,503.577,740.000,458,0.384,0.000,60.000,true,1.796
0.347,-2000.000,708.740,516.054,800.000,475,0.459,0.000,60.000,true,1.643
0.329,-2000.000,670.062,529.013,820.000,487,0.505,0.000,60.000,true,1.643
0.313,-2000.000,641.811,538.079,840.000,499,0.555,0.000,60.000,true,1.643
0.296,-2000.000,611.729,547.280,820.000,512,0.609,0.000,60.000,true,1.643
0.279,-2000.000,579.216,556.696,780.000,523,0.655,0.000,60.000,true,1.643
0.263,-2000.000,549.946,564.744,780.000,533,0.697,0.000,60.000,true,1.643
0.247,-2000.000,520.431,572.424,720.000,543,0.739,0.000,60.000,true,1.643
0.226,-2000.000,489.764,579.934,660.000,555,0.789,0.000,60.000,true,0.160
0.207,-2000.000,449.209,589.043,620.000,565,0.826,0.000,60.000,true,0.160
0.185,-2000.000,407.642,597.515,560.000,575,0.872,0.000,60.000,true,0.160
0.169,-2000.000,376.247,603.421,520.000,584,0.906,0.000,60.000,true,0.160
0.152,-2000.000,341.570,609.344,480.000,591,0.935,0.000,60.000,true,0.160
0.135,-2000.000,310.767,614.130,460.000,597,0.964,0.000,60.000,true,0.160
0.036,0.000,0.000,617.922,420.000,605,0.993,0.000,60.000,true,0.258
0.032,-0.000,0.000,617.922,380.000,610,1.018,0.000,60.000,true,0.258
0.000,-1123.827,360.000,615.000,340.000,616,1.039,0.000,60.000,true,0.258
0.000,-1338.423,340.000,619.000,320.000,619,1.056,0.000,60.000,true,0.258
0.000,-3018.972,300.000,622.000,300.000,622,1.064,0.000,60.000,true,0.258
0.071,-3000.000,254.353,625.870,220.000,625,1.077,0.000,60.000,true,0.258
0.048,-3000.000,204.063,629.291,160.000,627,1.085,0.000,60.000,true,0.258
0.028,-3000.000,158.651,631.692,100.000,628,1.089,0.000,60.000,true,0.430
0.001,-3000.000,98.678,633.665,80.000,628,1.089,0.000,60.000,true,0.430
-0.022,-3000.000,46.561,634.474,-0.000,627,1.085,0.000,60.000,true,0.430
-0.105,-3000.000,-27.372,633.799,-40.000,626,1.081,0.000,60.000,true,0.430
-0.141,-3000.000,-103.762,631.157,-80.000,623,1.068,0.000,60.000,true,0.430
0.000,-903.290,-80.000,621.000,-120.000,620,1.056,0.000,60.000,true,0.809
0.000,-1812.740,-120.000,618.000,-120.000,618,1.048,0.000,60.000,true,0.809
0.000,-1364.633,-140.000,616.000,-160.000,615,1.035,0.000,60.000,true,0.809
0.000,-1181.126,-160.000,614.000,-160.000,614,1.031,0.000,60.000,true,0.809
-0.007,3000.000,-119.857,612.396,-140.000,612,1.022,0.000,60.000,true,0.809
0.014,3000.000,-75.387,611.279,-120.000,610,1.014,0.000,60.000,true,0.809
0.036,3000.000,-29.043,610.830,-80.000,610,1.014,0.000,60.000,true,0.809
0.107,3000.000,15.816,611.067,-40.000,610,1.014,0.000,60.000,true,0.459
0.134,3000.000,72.075,612.418,-20.000,610,1.014,0.000,60.000,true,0.459
0.155,3000.000,116.413,614.139,20.000,611,1.018,0.000,60.000,true,0.459
0.176,3000.000,158.691,616.375,40.000,612,1.022,0.000,60.000,true,0.459
0.029,0.000,0.000,617.922,60.000,614,1.031,0.000,60.000,true,0.459
0.000,1326.564,80.000,615.000,100.000,615,1.035,0.000,60.000,true,0.459
0.000,1251.235,100.000,617.000,100.000,617,1.043,0.000,60.000,true,0.459
0.000,0.000,100.000,619.000,100.000,619,1.052,0.000,60.000,true,0.251
0.000,0.000,100.000,620.000,100.000,621,1.060,0.000,60.000,true,0.251
0.000,0.000,100.000,621.000,80.000,621,1.060,0.000,60.000,true,0.251
0.000,-2762.971,60.000,621.000,60.000,621,1.060,0.000,60.000,true,0.251
0.000,-1478.757,40.000,621.000,20.000,621,1.060,0.000,60.000,true,0.251
0.000,-2580.686,-0.000,621.000,-0.000,621,1.060,0.000,60.000,true,0.251
0.000,0.000,-0.000,621.000,-0.000,621,1.060,0.000,60.000,true,0.251
0.000,0.000,-0.000,621.000,-0.000,621,1.060,0.000,60.000,true,0.007
0.000,0.000,-0.000,621.000,-0.000,621,1.060,0.000,60.000,true,0.007
0.000,0.000,-0.000,621.000,-0.000,621,1.060,0.000,60.000,true,0.007
0.000,0.000,-0.000,621.000,-0.000,621,1.060,0.000,60.000,true,0.007
0.000,0.000,-0.000,621.000,-0.000,621,1.060,0.000,60.000,true,0.007
0.000,0.000,-0.000,621.000,-0.000,621,1.060,0.000,60.000,true,0.007
0.000,0.000,-0.000,621.000,-0.000,621,1.060,0.000,60.000,true,0.007
0.000,0.000,-0.000,621.000,-0.000,621,1.060,0.000,60.000,true,0.007
0.000,0.000,-0.000,621.000,-0.000,621,1.060,0.000,60.000,true,0.003
0.000,0.000,-0.000,621.000,-0.000,621,1.060,0.000,60.000,true,0.003
0.000,0.000,-0.000,621.000,-0.000,621,1.060,0.000,60.000,true,0.003
0.000,0.000,-0.000,621.000,-0.000,621,1.060,0.000,60.000,true,0.003
0.000,0.000,-0.000,621.000,-0.000,621,1.060,0.000,60.000,true,0.003
0.000,0.000,-0.000,621.000,-0.000,621,1.060,0.000,60.000,true,0.003
0.000,0.000,-0.000,621.000,-0.000,621,1.060,0.000,60.000,true,0.003
0.000,0.000,-0.000,621.000,-0.000,621,1.060,0.000,60.000,true,0.003
0.000,0.000,-0.000,621.000,-0.000,621,1.060,0.000,60.000,true,0.003
0.000,0.000,-0.000,621.000,-0.000,621,1.060,0.000,60.000,true,0.003
0.000,0.000,-0.000,621.000,-0.000,621,1.060,0.000,60.000,true,0.003
0.000,0.000,-0.000,621.000,-0.000,621,1.060,0.000,60.000,true,0.003
-0.135,-3000.000,-75.219,619.114,-0.000,621,1.060,0.000,60.000,false,0.003
-0.166,-3000.000,-135.755,616.375,-0.000,621,1.060,0.000,60.000,false,0.003
-0.203,-3000.000,-206.746,611.482,-0.000,621,1.060,0.000,60.000,false,0.003
-0.226,-3000.000,-250.534,607.826,-20.000,619,1.052,0.000,60.000,false,0.003
-0.248,-3000.000,-295.445,603.403,-60.000,618,1.048,0.000,60.000,false,0.003
-0.272,-3000.000,-338.645,598.526,-80.000,616,1.039,0.000,60.000,false,0.003
-0.299,-3000.000,-390.012,591.848,-120.000,614,1.027,0.000,60.000,false,1.191
-0.324,-3000.000,-436.398,585.101,-140.000,610,1.014,0.000,60.000,false,1.191
-0.347,-3000.000,-478.711,578.349,-220.000,605,0.989,0.000,60.000,false,1.191
-0.382,-3000.000,-544.108,566.488,-280.000,599,0.968,0.000,60.000,false,1.191
-0.404,-3000.000,-587.178,558.058,-300.000,593,0.943,0.000,60.000,false,1.191
-0.430,-3000.000,-635.078,547.918,-400.000,586,0.910,0.000,60.000,false,1.191
-0.452,-3000.000,-679.764,537.792,-440.000,578,0.876,0.000,60.000,false,1.191
-0.476,-3000.000,-726.641,526.438,-520.000,568,0.835,0.000,60.000,false,1.705
-0.502,-3000.000,-776.611,513.502,-580.000,558,0.793,0.000,60.000,false,1.705
-0.365,2000.000,-748.377,502.938,-640.000,546,0.743,0.000,60.000,false,1.705
-0.351,2000.000,-714.268,490.756,-700.000,535,0.697,0.000,60.000,false,1.705
-0.336,2000.000,-684.433,480.546,-720.000,524,0.651,0.000,60.000,false,1.705
-0.322,2000.000,-656.901,471.503,-720.000,513,0.609,0.000,60.000,false,1.705
-0.306,2000.000,-626.630,462.019,-740.000,502,0.559,0.000,60.000,false,1.705
-0.290,2000.000,-594.872,452.573,-720.000,491,0.513,0.000,60.000,false,0.371
-0.273,2000.000,-561.984,443.332,-720.000,480,0.467,0.000,60.000,false,0.371
-0.247,2000.000,-523.157,433.175,-660.000,466,0.409,0.000,60.000,false,0.371
-0.230,2000.000,-485.983,424.142,-640.000,456,0.371,0.000,60.000,false,0.371
-0.214,2000.000,-453.888,416.859,-580.000,447,0.330,0.000,60.000,false,0.371
-0.195,2000.000,-418.632,409.479,-560.000,438,0.292,0.000,60.000,false,0.371
-0.178,2000.000,-385.082,403.019,-540.000,429,0.255,0.000,60.000,false,0.324
-0.161,2000.000,-350.925,397.026,-500.000,422,0.225,0.000,60.000,false,0.324
-0.145,2000.000,-320.980,392.220,-480.000,415,0.196,0.000,60.000,false,0.324
-0.126,2000.000,-287.284,387.380,-440.000,407,0.167,0.000,60.000,false,0.324
-0.109,2000.000,-250.551,382.778,-400.000,402,0.146,0.000,60.000,false,0.324
-0.254,-3000.000,-298.847,377.967,-360.000,396,0.121,0.000,60.000,false,0.324
-0.115,2000.000,-265.450,373.535,-340.000,392,0.100,0.000,60.000,false,0.324
-0.100,2000.000,-235.881,370.047,-300.000,387,0.083,0.000,60.000,false,0.353
-0.039,0.000,0.000,367.000,-260.000,383,0.067,0.000,60.000,false,0.353
-0.035,-0.000,0.000,367.000,-260.000,379,0.050,0.000,60.000,false,0.353
-0.032,-0.000,0.000,367.000,-240.000,375,0.033,0.000,60.000,false,0.353
-0.029,-0.000,0.000,367.000,-220.000,371,0.017,0.000,60.000,false,0.353
0.000,1244.152,-200.000,369.000,-200.000,369,0.004,0.000,60.000,false,0.353
0.000,0.000,-200.000,366.000,-180.000,366,-0.004,0.000,60.000,false,0.328
0.000,1343.589,-180.000,364.000,-160.000,364,-0.013,0.000,60.000,false,0.328
0.000,2440.134,-140.000,363.000,-140.000,363,-0.017,0.000,60.000,false,0.328
0.000,3204.422,-100.000,363.000,-100.000,363,-0.017,0.000,60.000,false,0.328
0.000,4449.800,-40.000,363.000,-40.000,363,-0.017,0.000,60.000,false,0.328
0.000,1130.329,-20.000,363.000,-0.000,363,-0.017,0.000,60.000,false,0.328
0.000,1499.386,-0.000,363.000,-0.000,363,-0.017,0.000,60.000,false,0.328
0.000,0.000,-0.000,363.000,-0.000,363,-0.017,0.000,60.000,false,0.003
0.000,0.000,-0.000,363.000,-0.000,363,-0.017,0.000,60.000,false,0.003
0.000,0.000,-0.000,363.000,-0.000,363,-0.017,0.000,60.000,false,0.003
0.000,0.000,-0.000,363.000,-0.000,363,-0.017,0.000,60.000,false,0.003
0.000,0.000,-0.000,363.000,-0.000,363,-0.017,0.000,60.000,false,0.003
0.000,0.000,-0.000,363.000,-0.000,363,-0.017,0.000,60.000,false,0.003
0.000,0.000,-0.000,363.000,-0.000,363,-0.017,0.000,60.000,false,0.003
0.000,0.000,-0.000,363.000,-0.000,363,-0.017,0.000,60.000,false,0.003
0.000,0.000,-0.000,363.000,-0.000,363,-0.017,0.000,60.000,false,0.003
0.000,0.000,-0.000,363.000,-0.000,363,-0.017,0.000,60.000,false,0.003
0.000,0.000,-0.000,363.000,-0.000,363,-0.017,0.000,60.000,false,0.003
0.000,0.000,-0.000,363.000,-0.000,363,-0.017,0.000,60.000,false,0.003
0.000,0.000,-0.000,363.000,-0.000,363,-0.017,0.000,60.000,false,0.003
0.000,0.000,-0.000,363.000,-0.000,363,-0.017,0.000,60.000,false,0.003
0.000,0.000,-0.000,363.000,-0.000,363,-0.017,0.000,60.000,false,0.003
0.000,0.000,-0.000,363.000,-0.000,363,-0.017,0.000,60.000,false,0.003
0.000,0.000,-0.000,363.000,-0.000,363,-0.017,0.000,60.000,false,0.003
0.000,0.000,-0.000,363.000,-0.000,363,-0.017,0.000,60.000,false,0.003
0.000,0.000,-0.000,363.000,-0.000,363,-0.017,0.000,60.000,false,0.003
0.000,0.000,-0.000,363.000,-0.000,363,-0.017,0.000,60.000,false,0.003
0.000,0.000,-0.000,363.000,-0.000,363,-0.017,0.000,60.000,false,0.003
0.000,0.000,-0.000,363.000,-0.000,363,-0.017,0.000,60.000,false,0.003
0.000,0.000,-0.000,363.000,-0.000,363,-0.017,0.000,60.000,false,0.003
-0.000,0.000,-0.000,363.000,-0.000,363,-0.017,0.000,60.000,false,0.003
-0.000,0.000,-0.000,363.000,-0.000,363,-0.017,0.000,60.000,false,0.003
-0.000,0.000,-0.000,363.000,-0.000,363,-0.017,0.000,60.000,false,0.003
-0.000,0.000,-0.000,363.000,-0.000,363,-0.017,0.000,60.000,false,0.003
-0.000,0.000,-0.000,363.000,-0.000,363,-0.017,0.000,60.000,false,0.003
-0.000,0.000,-0.000,363.000,-0.000,363,-0.017,0.000,60.000,false,0.003
-0.000,0.000,-0.000,363.000,-0.000,363,-0.017,0.000,60.000,false,0.003
-0.000,0.000,-0.000,363.000,-0.000,363,-0.017,0.000,60.000,false,0.003
-0.000,0.000,-0.000,363.000,-0.000,363,-0.017,0.000,60.000,false,0.003
-0.000,0.000,-0.000,363.000,-0.000,363,-0.017,0.000,60.000,false,0.003
-0.000,0.000,-0.000,363.000,-0.000,363,-0.017,0.000,60.000,false,0.003
-0.000,0.000,-0.000,363.000,-0.000,363,-0.017,0.000,60.000,false,0.003
-0.000,0.000,-0.000,363.000,-0.000,363,-0.017,0.000,60.000,false,0.003
-0.000,0.000,-0.000,363.000,-0.000,363,-0.017,0.000,60.000,false,0.003
-0.000,0.000,-0.000,363.000,-0.000,363,-0.017,0.000,60.000,false,0.003
-0.000,0.000,-0.000,363.000,-0.000,363,-0.017,0.000,60.000,false,0.003
-0.000,0.000,-0.000,363.000,-0.000,363,-0.017,0.000,60.000,false,0.003
-0.000,0.000,-0.000,363.000,-0.000,363,-0.017,0.000,60.000,false,0.003
-0.000,0.000,-0.000,363.000,-0.000,363,-0.017,0.000,60.000,false,0.003
-0.000,0.000,-0.000,363.000,-0.000,363,-0.017,0.000,60.000,false,0.003
-0.000,0.000,-0.000,363.000,-0.000,363,-0.017,0.000,60.000,false,0.003
-0.000,0.000,-0.000,363.000,-0.000,363,-0.017,0.000,60.000,false,0.003
-0.000,0.000,-0.000,363.000,-0.000,363,-0.017,0.000,60.000,false,0.003
-0.000,0.000,-0.000,363.000,-0.000,363,-0.017,0.000,60.000,false,0.003
0.121,3000.000,46.309,363.715,-0.000,363,-0.017,0.000,60.000,true,0.003
0.147,3000.000,98.872,365.447,20.000,363,-0.013,0.000,60.000,true,0.003
0.169,3000.000,144.071,367.618,20.000,364,-0.013,0.000,60.000,true,0.003
0.195,3000.000,197.246,371.114,40.000,366,-0.004,0.000,60.000,true,0.805
0.227,3000.000,257.832,376.321,80.000,368,0.004,0.000,60.000,true,0.805
0.251,3000.000,303.763,380.972,100.000,370,0.013,0.000,60.000,true,0.805
0.282,3000.000,363.507,388.211,160.000,373,0.029,0.000,60.000,true,0.805
0.307,3000.000,411.824,394.844,160.000,377,0.042,0.000,60.000,true,0.805
0.333,3000.000,460.203,402.265,220.000,381,0.058,0.000,60.000,true,0.805
0.357,3000.000,506.596,410.099,240.000,386,0.083,0.000,60.000,true,1.377
0.387,3000.000,559.794,420.026,320.000,395,0.117,0.000,60.000,true,1.377
0.419,3000.000,618.570,432.145,400.000,402,0.150,0.000,60.000,true,1.377
0.443,3000.000,666.030,442.681,480.000,411,0.188,0.000,60.000,true,1.377
0.469,3000.000,718.465,455.239,520.000,422,0.234,0.000,60.000,true,1.377
0.494,3000.000,768.611,468.087,600.000,433,0.280,0.000,60.000,true,1.377
0.520,3000.000,819.093,481.870,680.000,447,0.338,0.000,60.000,true,1.694
0.374,-2000.000,779.129,497.438,740.000,465,0.413,0.000,60.000,true,1.694
0.354,-2000.000,737.366,512.835,820.000,480,0.476,0.000,60.000,true,1.694
0.335,-2000.000,701.694,525.351,860.000,496,0.543,0.000,60.000,true,1.694
0.315,-2000.000,666.975,536.929,880.000,510,0.601,0.000,60.000,true,1.694
0.297,-2000.000,633.590,547.505,860.000,525,0.672,0.000,60.000,true,1.694
0.268,-2000.000,583.048,562.240,800.000,545,0.747,0.000,60.000,true,0.178
0.240,-2000.000,544.157,572.821,740.000,563,0.822,0.000,60.000,true,0.178
0.209,-2000.000,479.301,588.364,660.000,579,0.889,0.000,60.000,true,0.178
0.189,-2000.000,441.146,596.780,620.000,590,0.939,0.000,60.000,true,0.178
0.169,-2000.000,404.149,604.256,560.000,600,0.977,0.000,60.000,true,0.178
0.148,-2000.000,362.748,611.765,500.000,610,1.014,0.000,60.000,true,0.196
0.000,-2519.156,500.000,615.000,480.000,617,1.043,0.000,60.000,true,0.196
-0.029,0.000,0.000,617.922,460.000,624,1.077,0.000,60.000,true,0.196
-0.034,-0.000,0.000,617.922,440.000,630,1.098,0.000,60.000,true,0.196
-0.038,-0.000,0.000,617.922,400.000,635,1.118,0.000,60.000,true,0.196
-0.041,-0.000,0.000,617.922,360.000,639,1.135,0.000,60.000,true,0.196
-0.044,-0.000,0.000,617.922,260.000,641,1.144,0.000,60.000,true,0.196
-0.044,-0.000,0.000,617.922,200.000,642,1.148,0.000,60.000,true,1.224
-0.044,-0.000,0.000,617.922,80.000,642,1.148,0.000,60.000,true,1.224
-0.044,-0.000,0.000,617.922,-20.000,640,1.139,0.000,60.000,true,1.224
-0.042,-0.000,0.000,617.922,-80.000,638,1.131,0.000,60.000,true,1.224
-0.040,-0.000,0.000,617.922,-100.000,636,1.123,0.000,60.000,true,1.224
-0.038,-0.000,0.000,617.922,-120.000,633,1.110,0.000,60.000,true,1.224
-0.036,-0.000,0.000,617.922,-140.000,632,1.102,0.000,60.000,true,0.182
-0.035,-0.000,0.000,617.922,-140.000,630,1.098,0.000,60.000,true,0.182
-0.033,-0.000,0.000,617.922,-120.000,628,1.089,0.000,60.000,true,0.182
-0.031,-0.000,0.000,617.922,-100.000,626,1.081,0.000,60.000,true,0.182
-0.031,-0.000,0.000,617.922,-100.000,624,1.073,0.000,60.000,true,0.182
-0.029,-0.000,0.000,617.922,-80.000,623,1.068,0.000,60.000,true,0.182
0.000,1177.819,-80.000,622.000,-80.000,622,1.064,0.000,60.000,true,0.127
0.000,1096.722,-60.000,621.000,-60.000,621,1.060,0.000,60.000,true,0.127
0.000,-1236.925,-80.000,620.000,-80.000,620,1.056,0.000,60.000,true,0.127
0.000,1350.283,-60.000,619.000,-60.000,619,1.052,0.000,60.000,true,0.127
0.000,0.000,-60.000,619.000,-40.000,619,1.052,0.000,60.000,true,0.127
0.000,1765.803,-20.000,619.000,-20.000,619,1.052,0.000,60.000,true,0.127
0.000,0.000,-20.000,619.000,-0.000,619,1.052,0.000,60.000,true,0.003
0.000,1270.900,-0.000,619.000,-0.000,619,1.052,0.000,60.000,true,0.003
0.000,0.000,-0.000,619.000,-0.000,619,1.052,0.000,60.000,true,0.003
0.000,0.000,-0.000,619.000,-0.000,619,1.052,0.000,60.000,true,0.003
0.000,0.000,-0.000,619.000,-0.000,619,1.052,0.000,60.000,true,0.003
0.000,0.000,-0.000,619.000,-0.000,619,1.052,0.000,60.000,true,0.003
0.000,0.000,-0.000,619.000,-0.000,619,1.052,0.000,60.000,true,0.003
0.000,0.000,-0.000,619.000,-0.000,619,1.052,0.000,60.000,true,0.003
0.000,0.000,-0.000,619.000,-0.000,619,1.052,0.000,60.000,true,0.003
0.000,0.000,-0.000,619.000,-0.000,619,1.052,0.000,60.000,true,0.003
0.000,0.000,-0.000,619.000,-0.000,619,1.052,0.000,60.000,true,0.003
0.000,0.000,-0.000,619.000,-0.000,619,1.052,0.000,60.000,true,0.003
0.000,0.000,-0.000,619.000,-0.000,619,1.052,0.000,60.000,true,0.003
0.000,0.000,-0.000,619.000,-0.000,619,1.052,0.000,60.000,true,0.003
0.000,0.000,-0.000,619.000,-0.000,619,1.052,0.000,60.000,true,0.003
0.000,0.000,-0.000,619.000,-0.000,619,1.052,0.000,60.000,true,0.003
0.000,0.000,-0.000,619.000,-0.000,619,1.052,0.000,60.000,true,0.003
0.000,0.000,-0.000,619.000,-0.000,619,1.052,0.000,60.000,true,0.003
0.000,0.000,-0.000,619.000,-0.000,619,1.052,0.000,60.000,true,0.003
0.000,0.000,-0.000,619.000,-0.000,619,1.052,0.000,60.000,true,0.003
0.000,0.000,-0.000,619.000,-0.000,619,1.052,0.000,60.000,true,0.003
0.000,0.000,-0.000,619.000,-0.000,619,1.052,0.000,60.000,true,0.003
0.000,0.000,-0.000,619.000,-0.000,619,1.052,0.000,60.000,true,0.003
0.000,0.000,-0.000,619.000,-0.000,619,1.052,0.000,60.000,true,0.003
0.000,0.000,-0.000,619.000,-0.000,619,1.052,0.000,60.000,true,0.003
0.000,0.000,-0.000,619.000,-0.000,619,1.052,0.000,60.000,true,0.003
0.000,0.000,-0.000,619.000,-0.000,619,1.052,0.000,60.000,true,0.003
-0.000,0.000,-0.000,619.000,-0.000,619,1.052,0.000,60.000,true,0.003
-0.000,0.000,-0.000,619.000,-0.000,619,1.052,0.000,60.000,true,0.003
-0.000,0.000,-0.000,619.000,-0.000,619,1.052,0.000,60.000,true,0.003
-0.000,0.000,-0.000,619.000,-0.000,619,1.052,0.000,60.000,true,0.003
-0.000,0.000,-0.000,619.000,-0.000,619,1.052,0.000,60.000,true,0.003
-0.000,0.000,-0.000,619.000,-0.000,619,1.052,0.000,60.000,true,0.003
-0.000,0.000,-0.000,619.000,-0.000,619,1.052,0.000,60.000,true,0.003
-0.000,0.000,-0.000,619.000,-0.000,619,1.052,0.000,60.000,true,0.003
-0.000,0.000,-0.000,619.000,-0.000,619,1.052,0.000,60.000,true,0.003
-0.121,-3000.000,-46.881,618.267,-0.000,619,1.052,0.000,60.000,false,0.003
-0.146,-3000.000,-96.366,616.678,-0.000,619,1.052,0.000,60.000,false,0.003
-0.170,-3000.000,-144.885,614.335,-0.000,619,1.052,0.000,60.000,false,0.003
-0.197,-3000.000,-195.870,611.006,-0.000,619,1.052,0.000,60.000,false,0.003
-0.220,-3000.000,-241.630,607.320,-20.000,617,1.043,0.000,60.000,false,0.003
-0.246,-3000.000,-289.678,602.681,-60.000,616,1.039,0.000,60.000,false,0.816
-0.278,-3000.000,-349.633,595.693,-100.000,614,1.031,0.000,60.000,false,0.816
-0.305,-3000.000,-399.356,589.074,-120.000,611,1.018,0.000,60.000,false,0.816
-0.330,-3000.000,-445.229,582.266,-160.000,608,1.006,0.000,60.000,false,0.816
-0.356,-3000.000,-496.268,573.823,-220.000,603,0.985,0.000,60.000,false,0.816
-0.382,-3000.000,-546.098,564.752,-260.000,597,0.956,0.000,60.000,false,0.816
-0.413,-3000.000,-603.852,553.128,-420.000,585,0.906,0.000,60.000,false,1.789
-0.454,-3000.000,-680.692,535.693,-500.000,574,0.860,0.000,60.000,false,1.789
-0.490,-3000.000,-750.703,518.174,-580.000,559,0.797,0.000,60.000,false,1.789
-0.520,-3000.000,-811.628,501.691,-680.000,543,0.722,0.000,60.000,false,1.789
-0.371,2000.000,-760.287,482.174,-740.000,524,0.651,0.000,60.000,false,1.789
-0.348,2000.000,-722.671,468.582,-800.000,503,0.563,0.000,60.000,false,1.465
-0.326,2000.000,-677.556,453.298,-840.000,490,0.509,0.000,60.000,false,1.465
-0.311,2000.000,-648.130,443.762,-840.000,479,0.463,0.000,60.000,false,1.465
-0.295,2000.000,-617.809,434.395,-800.000,467,0.413,0.000,60.000,false,1.465
-0.278,2000.000,-586.958,425.341,-780.000,455,0.363,0.000,60.000,false,1.465
-0.260,2000.000,-555.319,416.556,-760.000,442,0.309,0.000,60.000,false,1.465
-0.242,2000.000,-521.873,407.829,-720.000,431,0.267,0.000,60.000,false,1.465
-0.222,2000.000,-490.746,400.192,-660.000,418,0.213,0.000,60.000,false,0.196
-0.201,2000.000,-448.266,390.670,-640.000,409,0.171,0.000,60.000,false,0.196
-0.184,2000.000,-413.210,383.428,-580.000,400,0.134,0.000,60.000,false,0.196
-0.163,2000.000,-374.895,376.246,-540.000,390,0.096,0.000,60.000,false,0.196
-0.140,2000.000,-327.950,368.548,-480.000,380,0.054,0.000,60.000,false,0.196
-0.030,0.000,0.000,367.000,-460.000,372,0.021,0.000,60.000,false,0.196
0.000,3583.685,-420.000,367.000,-400.000,365,-0.008,0.000,60.000,false,0.211
0.029,0.000,0.000,367.000,-340.000,361,-0.025,0.000,60.000,false,0.211
0.032,-0.000,0.000,367.000,-320.000,357,-0.042,0.000,60.000,false,0.211
0.034,-0.000,0.000,367.000,-240.000,354,-0.054,0.000,60.000,false,0.211
0.037,-0.000,0.000,367.000,-180.000,352,-0.063,0.000,60.000,false,0.211
0.037,-0.000,0.000,367.000,-120.000,351,-0.067,0.000,60.000,false,0.211
0.037,-0.000,0.000,367.000,-100.000,351,-0.067,0.000,60.000,false,0.211
0.037,-0.000,0.000,367.000,-40.000,351,-0.067,0.000,60.000,false,0.174
0.037,-0.000,0.000,367.000,-20.000,351,-0.067,0.000,60.000,false,0.174
0.037,-0.000,0.000,367.000,-0.000,351,-0.067,0.000,60.000,false,0.174
0.039,-0.000,0.000,367.000,-20.000,350,-0.071,0.000,60.000,false,0.174
0.039,-0.000,0.000,367.000,-40.000,350,-0.071,0.000,60.000,false,0.174
0.039,-0.000,0.000,367.000,-40.000,349,-0.075,0.000,60.000,false,0.174
0.039,-0.000,0.000,367.000,-20.000,349,-0.075,0.000,60.000,false,0.174
0.039,-0.000,0.000,367.000,-0.000,349,-0.075,0.000,60.000,false,0.185
0.039,-0.000,0.000,367.000,-0.000,349,-0.075,0.000,60.000,false,0.185
0.039,-0.000,0.000,367.000,-0.000,349,-0.075,0.000,60.000,false,0.185
0.039,-0.000,0.000,367.000,-0.000,349,-0.075,0.000,60.000,false,0.185
0.039,-0.000,0.000,367.000,-0.000,349,-0.075,0.000,60.000,false,0.185
0.039,-0.000,0.000,367.000,-0.000,349,-0.075,0.000,60.000,false,0.185
0.039,-0.000,0.000,367.000,-0.000,349,-0.075,0.000,60.000,false,0.185
0.039,-0.000,0.000,367.000,-0.000,349,-0.075,0.000,60.000,false,0.167
0.039,-0.000,0.000,367.000,-0.000,349,-0.075,0.000,60.000,false,0.167
0.039,-0.000,0.000,367.000,-0.000,349,-0.075,0.000,60.000,false,0.167
0.039,-0.000,0.000,367.000,-0.000,349,-0.075,0.000,60.000,false,0.167
0.039,-0.000,0.000,367.000,-0.000,349,-0.075,0.000,60.000,false,0.167
0.039,-0.000,0.000,367.000,-0.000,349,-0.075,0.000,60.000,false,0.167
0.039,-0.000,0.000,367.000,-0.000,349,-0.075,0.000,60.000,false,0.167
0.039,-0.000,0.000,367.000,-0.000,349,-0.075,0.000,60.000,false,0.051
0.039,-0.000,0.000,367.000,-0.000,349,-0.075,0.000,60.000,false,0.051
0.039,-0.000,0.000,367.000,-0.000,349,-0.075,0.000,60.000,false,0.051
0.039,-0.000,0.000,367.000,-0.000,349,-0.075,0.000,60.000,false,0.051
0.039,-0.000,0.000,367.000,-0.000,349,-0.075,0.000,60.000,false,0.051
0.039,-0.000,0.000,367.000,20.000,350,-0.071,0.000,60.000,false,0.051
0.039,-0.000,0.000,367.000,20.000,350,-0.071,0.000,60.000,false,0.051
0.039,-0.000,0.000,367.000,20.000,350,-0.071,0.000,60.000,false,0.036
0.039,-0.000,0.000,367.000,20.000,350,-0.071,0.000,60.000,false,0.036
0.039,-0.000,0.000,367.000,-0.000,350,-0.071,0.000,60.000,false,0.036
0.039,-0.000,0.000,367.000,-0.000,350,-0.071,0.000,60.000,false,0.036
0.039,-0.000,0.000,367.000,-0.000,350,-0.071,0.000,60.000,false,0.036
0.039,-0.000,0.000,367.000,-0.000,350,-0.071,0.000,60.000,false,0.036
0.039,-0.000,0.000,367.000,-0.000,350,-0.071,0.000,60.000,false,0.036
0.038,-0.000,0.000,367.000,-0.000,351,-0.067,0.000,60.000,false,0.036
0.038,-0.000,0.000,367.000,20.000,351,-0.067,0.000,60.000,false,0.196
0.038,-0.000,0.000,367.000,20.000,351,-0.067,0.000,60.000,false,0.196
0.038,-0.000,0.000,367.000,20.000,351,-0.067,0.000,60.000,false,0.196
0.038,-0.000,0.000,367.000,-0.000,351,-0.067,0.000,60.000,false,0.196
0.038,-0.000,0.000,367.000,-0.000,351,-0.067,0.000,60.000,false,0.196
0.038,-0.000,0.000,367.000,-0.000,351,-0.067,0.000,60.000,false,0.196
0.038,-0.000,0.000,367.000,-0.000,351,-0.067,0.000,60.000,false,0.196
0.038,-0.000,0.000,367.000,-0.000,351,-0.067,0.000,60.000,false,0.295
0.038,-0.000,0.000,367.000,-0.000,351,-0.067,0.000,60.000,false,0.295
0.038,-0.000,0.000,367.000,-0.000,351,-0.067,0.000,60.000,false,0.295
0.038,-0.000,0.000,367.000,-0.000,351,-0.067,0.000,60.000,false,0.295
0.038,-0.000,0.000,367.000,-0.000,351,-0.067,0.000,60.000,false,0.295
0.038,-0.000,0.000,367.000,-0.000,351,-0.067,0.000,60.000,false,0.295
0.038,-0.000,0.000,367.000,-0.000,351,-0.067,0.000,60.000,false,0.295
0.038,-0.000,0.000,367.000,-0.000,351,-0.067,0.000,60.000,false,0.422
0.038,-0.000,0.000,367.000,-0.000,351,-0.067,0.000,60.000,false,0.422
0.038,-0.000,0.000,367.000,-0.000,351,-0.067,0.000,60.000,false,0.422
0.038,-0.000,0.000,367.000,-0.000,351,-0.067,0.000,60.000,false,0.422
0.038,-0.000,0.000,367.000,-0.000,351,-0.067,0.000,60.000,false,0.422
0.038,-0.000,0.000,367.000,-0.000,351,-0.067,0.000,60.000,false,0.422
0.038,-0.000,0.000,367.000,-0.000,351,-0.067,0.000,60.000,false,0.422
0.038,-0.000,0.000,367.000,-0.000,351,-0.067,0.000,60.000,false,0.557
0.038,-0.000,0.000,367.000,-0.000,351,-0.067,0.000,60.000,false,0.557
0.038,-0.000,0.000,367.000,-0.000,351,-0.067,0.000,60.000,false,0.557
0.038,-0.000,0.000,367.000,-0.000,351,-0.067,0.000,60.000,false,0.557
0.038,-0.000,0.000,367.000,-0.000,351,-0.067,0.000,60.000,false,0.557
0.038,-0.000,0.000,367.000,-0.000,351,-0.067,0.000,60.000,false,0.557
0.037,-0.000,0.000,367.000,-0.000,352,-0.063,0.000,60.000,false,0.557
0.037,-0.000,0.000,367.000,20.000,352,-0.063,0.000,60.000,false,0.652
0.037,-0.000,0.000,367.000,20.000,352,-0.063,0.000,60.000,false,0.652
0.037,-0.000,0.000,367.000,20.000,352,-0.063,0.000,60.000,false,0.652
0.037,-0.000,0.000,367.000,20.000,353,-0.058,0.000,60.000,false,0.652
0.037,-0.000,0.000,367.000,20.000,353,-0.054,0.000,60.000,false,0.652
0.035,-0.000,0.000,367.000,40.000,354,-0.054,0.000,60.000,false,0.652
0.035,-0.000,0.000,367.000,20.000,354,-0.050,0.000,60.000,false,0.652
0.035,-0.000,0.000,367.000,40.000,355,-0.050,0.000,60.000,false,0.619
0.034,-0.000,0.000,367.000,40.000,356,-0.046,0.000,60.000,false,0.619
0.034,-0.000,0.000,367.000,40.000,357,-0.042,0.000,60.000,false,0.619
0.034,-0.000,0.000,367.000,60.000,358,-0.038,0.000,60.000,false,0.619
0.031,-0.000,0.000,367.000,40.000,359,-0.033,0.000,60.000,false,0.619
0.031,-0.000,0.000,367.000,80.000,360,-0.029,0.000,60.000,false,0.619
0.030,-0.000,0.000,367.000,80.000,361,-0.025,0.000,60.000,false,0.619
0.000,0.000,80.000,363.000,80.000,363,-0.017,0.000,60.000,false,0.564
0.000,0.000,80.000,364.000,80.000,364,-0.013,0.000,60.000,false,0.564
0.000,-1113.480,60.000,365.000,60.000,365,-0.008,0.000,60.000,false,0.564
0.000,0.000,60.000,365.000,60.000,365,-0.008,0.000,60.000,false,0.564
0.000,-1312.070,40.000,365.000,20.000,365,-0.008,0.000,60.000,false,0.564
0.000,-1253.706,20.000,365.000,20.000,365,-0.008,0.000,60.000,false,0.564
0.000,-1048.220,-0.000,365.000,-0.000,365,-0.008,0.000,60.000,false,0.003
0.000,0.000,-0.000,365.000,-0.000,365,-0.008,0.000,60.000,false,0.003
0.000,0.000,-0.000,365.000,-0.000,365,-0.008,0.000,60.000,false,0.003
0.000,0.000,-0.000,365.000,-0.000,365,-0.008,0.000,60.000,false,0.003
0.000,0.000,-0.000,365.000,-0.000,365,-0.008,0.000,60.000,false,0.003
0.000,0.000,-0.000,365.000,-0.000,365,-0.008,0.000,60.000,false,0.003
0.000,0.000,-0.000,365.000,-0.000,365,-0.008,0.000,60.000,false,0.000
0.000,0.000,-0.000,365.000,-0.000,365,-0.008,0.000,60.000,false,0.000
0.000,0.000,-0.000,365.000,-0.000,365,-0.008,0.000,60.000,false,0.000
0.000,0.000,-0.000,365.000,-0.000,365,-0.008,0.000,60.000,false,0.000
0.000,0.000,-0.000,365.000,-0.000,365,-0.008,0.000,60.000,false,0.000
0.000,0.000,-0.000,365.000,-0.000,365,-0.008,0.000,60.000,false,0.000
0.000,0.000,-0.000,365.000,-0.000,365,-0.008,0.000,60.000,false,0.003
0.000,0.000,-0.000,365.000,-0.000,365,-0.008,0.000,60.000,false,0.003
0.000,0.000,-0.000,365.000,-0.000,365,-0.008,0.000,60.000,false,0.003
0.000,0.000,-0.000,365.000,-0.000,365,-0.008,0.000,60.000,false,0.003
0.000,0.000,-0.000,365.000,-0.000,365,-0.008,0.000,60.000,false,0.003
0.000,0.000,-0.000,365.000,-0.000,365,-0.008,0.000,60.000,false,0.003
0.000,0.000,-0.000,365.000,-0.000,365,-0.008,0.000,60.000,false,0.003
0.000,0.000,-0.000,365.000,-0.000,365,-0.008,0.000,60.000,false,0.003
0.000,0.000,-0.000,365.000,-0.000,365,-0.008,0.000,60.000,false,0.003
0.000,0.000,-0.000,365.000,-0.000,365,-0.008,0.000,60.000,false,0.003
0.000,0.000,-0.000,365.000,-0.000,365,-0.008,0.000,60.000,false,0.003
0.000,0.000,-0.000,365.000,-0.000,365,-0.008,0.000,60.000,false,0.003
-0.000,0.000,-0.000,365.000,-0.000,365,-0.008,0.000,60.000,false,0.003
-0.000,0.000,-0.000,365.000,-0.000,365,-0.008,0.000,60.000,false,0.003
-0.000,0.000,-0.000,365.000,-0.000,365,-0.008,0.000,60.000,false,0.003
-0.000,0.000,-0.000,365.000,-0.000,365,-0.008,0.000,60.000,false,0.003
-0.000,0.000,-0.000,365.000,-0.000,365,-0.008,0.000,60.000,false,0.003
-0.000,0.000,-0.000,365.000,-0.000,365,-0.008,0.000,60.000,false,0.003
-0.000,0.000,-0.000,365.000,-0.000,365,-0.008,0.000,60.000,false,0.003
-0.000,0.000,-0.000,365.000,-0.000,365,-0.008,0.000,60.000,false,0.003
-0.000,0.000,-0.000,365.000,-0.000,365,-0.008,0.000,60.000,false,0.003
-0.000,0.000,-0.000,365.000,-0.000,365,-0.008,0.000,60.000,false,0.003
-0.000,0.000,-0.000,365.000,-0.000,365,-0.008,0.000,60.000,false,0.003
-0.000,0.000,-0.000,365.000,-0.000,365,-0.008,0.000,60.000,false,0.003
-0.000,0.000,-0.000,365.000,-0.000,365,-0.008,0.000,60.000,false,0.003
-0.000,0.000,-0.000,365.000,-0.000,365,-0.008,0.000,60.000,false,0.003
-0.000,0.000,-0.000,365.000,-0.000,365,-0.008,0.000,60.000,false,0.003
-0.000,0.000,-0.000,365.000,-0.000,365,-0.008,0.000,60.000,false,0.003
-0.000,0.000,-0.000,365.000,-0.000,365,-0.008,0.000,60.000,false,0.003
-0.000,0.000,-0.000,365.000,-0.000,365,-0.008,0.000,60.000,false,0.003
-0.000,0.000,-0.000,365.000,-0.000,365,-0.008,0.000,60.000,false,0.003
-0.000,0.000,-0.000,365.000,-0.000,365,-0.008,0.000,60.000,false,0.003
-0.000,0.000,-0.000,365.000,-0.000,365,-0.008,0.000,60.000,false,0.003
-0.000,0.000,-0.000,365.000,-0.000,365,-0.008,0.000,60.000,false,0.003
-0.000,0.000,-0.000,365.000,-0.000,365,-0.008,0.000,60.000,false,0.003
-0.000,0.000,-0.000,365.000,-0.000,365,-0.008,0.000,60.000,false,0.003
-0.000,0.000,-0.000,365.000,-0.000,365,-0.008,0.000,60.000,false,0.003
0.119,3000.000,43.082,365.619,-0.000,365,-0.008,0.000,60.000,true,0.003
0.144,3000.000,93.568,367.193,-0.000,365,-0.008,0.000,60.000,true,0.003
0.181,3000.000,166.306,371.226,-0.000,365,-0.008,0.000,60.000,true,0.003
0.208,3000.000,217.385,374.927,40.000,367,0.000,0.000,60.000,true,0.473
0.235,3000.000,271.510,379.825,60.000,368,0.004,0.000,60.000,true,0.473
0.263,3000.000,322.559,385.314,80.000,369,0.013,0.000,60.000,true,0.473
0.298,3000.000,387.945,393.770,100.000,372,0.025,0.000,60.000,true,0.473
0.327,3000.000,439.009,401.242,160.000,377,0.042,0.000,60.000,true,0.473
0.362,3000.000,505.736,412.491,220.000,382,0.067,0.000,60.000,true,0.473
0.389,3000.000,555.985,421.803,300.000,391,0.104,0.000,60.000,true,1.877
0.425,3000.000,624.967,436.174,440.000,404,0.154,0.000,60.000,true,1.877
0.473,3000.000,724.274,460.149,580.000,425,0.246,0.000,60.000,true,1.877
0.522,3000.000,813.825,484.442,640.000,442,0.317,0.000,60.000,true,1.877
0.378,-2000.000,772.502,500.403,700.000,460,0.392,0.000,60.000,true,1.822
0.356,-2000.000,722.707,518.397,780.000,474,0.451,0.000,60.000,true,1.822
0.341,-2000.000,694.002,528.358,800.000,486,0.497,0.000,60.000,true,1.822
0.327,-2000.000,666.644,537.476,820.000,496,0.543,0.000,60.000,true,1.822
0.312,-2000.000,639.605,546.124,800.000,508,0.593,0.000,60.000,true,1.822
0.296,-2000.000,609.384,555.332,800.000,519,0.639,0.000,60.000,true,1.822
0.269,-2000.000,569.721,566.630,760.000,536,0.709,0.000,60.000,true,1.822
0.250,-2000.000,529.604,577.253,700.000,547,0.755,0.000,60.000,true,0.255
0.231,-2000.000,493.311,586.205,660.000,558,0.801,0.000,60.000,true,0.255
0.213,-2000.000,459.246,594.027,620.000,568,0.839,0.000,60.000,true,0.255
0.196,-2000.000,424.830,601.338,560.000,577,0.881,0.000,60.000,true,0.255
0.176,-2000.000,388.154,608.456,540.000,586,0.918,0.000,60.000,true,0.255
0.158,-2000.000,355.297,614.293,500.000,596,0.960,0.000,60.000,true,0.255
0.038,0.000,0.000,617.922,460.000,605,0.993,0.000,60.000,true,0.393
0.032,-0.000,0.000,617.922,420.000,611,1.018,0.000,60.000,true,0.393
0.000,0.000,420.000,615.000,380.000,616,1.039,0.000,60.000,true,0.393
0.000,-3629.142,360.000,620.000,360.000,620,1.056,0.000,60.000,true,0.393
0.101,-3000.000,319.238,624.338,300.000,624,1.073,0.000,60.000,true,0.393
0.080,-3000.000,272.863,628.556,260.000,627,1.085,0.000,60.000,true,0.393
0.055,-3000.000,222.083,632.315,220.000,632,1.106,0.000,60.000,true,0.003
0.025,-3000.000,154.540,635.794,140.000,633,1.110,0.000,60.000,true,0.003
-0.005,-3000.000,85.849,637.760,60.000,633,1.110,0.000,60.000,true,0.003
-0.030,-3000.000,31.558,638.331,-20.000,632,1.106,0.000,60.000,true,0.003
-0.103,-3000.000,-20.081,637.985,-20.000,632,1.106,0.000,60.000,true,0.003
-0.133,-3000.000,-84.514,636.170,-40.000,630,1.098,0.000,60.000,true,0.003
-0.157,-3000.000,-136.606,633.798,-100.000,628,1.085,0.000,60.000,true,0.769
-0.192,-3000.000,-208.115,628.837,-140.000,625,1.073,0.000,60.000,true,0.769
0.000,-2446.446,-140.000,622.000,-160.000,622,1.060,0.000,60.000,true,0.769
0.000,-2608.072,-180.000,619.000,-180.000,619,1.048,0.000,60.000,true,0.769
0.000,0.000,-180.000,617.000,-180.000,616,1.039,0.000,60.000,true,0.769
0.000,0.000,-180.000,615.000,-180.000,614,1.031,0.000,60.000,true,0.769
-0.014,3000.000,-136.218,613.012,-160.000,611,1.018,0.000,60.000,true,0.769
0.010,3000.000,-88.449,611.604,-160.000,608,1.006,0.000,60.000,true,0.014
0.040,3000.000,-28.359,611.036,-160.000,606,0.997,0.000,60.000,true,0.014
0.113,3000.000,18.136,611.317,-160.000,604,0.989,0.000,60.000,true,0.014
0.136,3000.000,65.109,612.336,-100.000,604,0.989,0.000,60.000,true,0.014
0.165,3000.000,124.214,614.783,-40.000,604,0.989,0.000,60.000,true,0.014
0.030,-2000.000,94.634,616.183,-0.000,604,0.989,0.000,60.000,true,0.014
0.014,-2000.000,63.865,617.166,40.000,606,0.997,0.000,60.000,true,0.014
-0.003,-2000.000,32.142,617.675,100.000,610,1.014,0.000,60.000,true,1.341
-0.076,-2000.000,-12.198,617.405,160.000,613,1.027,0.000,60.000,true,1.341
0.000,1029.817,160.000,615.000,140.000,615,1.035,0.000,60.000,true,1.341
0.000,-1084.991,140.000,617.000,140.000,617,1.043,0.000,60.000,true,1.341
0.000,0.000,140.000,619.000,120.000,619,1.056,0.000,60.000,true,1.341
0.000,-1169.821,120.000,621.000,120.000,621,1.060,0.000,60.000,true,1.341
0.000,0.000,120.000,622.000,120.000,622,1.064,0.000,60.000,true,0.007
0.000,-1963.644,80.000,622.000,60.000,622,1.064,0.000,60.000,true,0.007
0.000,-2901.512,40.000,622.000,40.000,622,1.064,0.000,60.000,true,0.007
0.000,-1349.937,20.000,622.000,-0.000,622,1.064,0.000,60.000,true,0.007
0.000,-1424.091,-0.000,622.000,-0.000,622,1.064,0.000,60.000,true,0.007
0.000,0.000,-0.000,622.000,-0.000,622,1.064,0.000,60.000,true,0.007
0.000,0.000,-0.000,622.000,-0.000,622,1.064,0.000,60.000,true,0.007
0.000,0.000,-0.000,622.000,-0.000,622,1.064,0.000,60.000,true,0.000
0.000,0.000,-0.000,622.000,-0.000,622,1.064,0.000,60.000,true,0.000
0.000,0.000,-0.000,622.000,-0.000,622,1.064,0.000,60.000,true,0.000
0.000,0.000,-0.000,622.000,-0.000,622,1.064,0.000,60.000,true,0.000
0.000,0.000,-0.000,622.000,-0.000,622,1.064,0.000,60.000,true,0.000
0.000,0.000,-0.000,622.000,-0.000,622,1.064,0.000,60.000,true,0.000
0.000,0.000,-0.000,622.000,-0.000,622,1.064,0.000,60.000,true,0.000
0.000,0.000,-0.000,622.000,-0.000,622,1.064,0.000,60.000,true,0.003
0.000,0.000,-0.000,622.000,-0.000,622,1.064,0.000,60.000,true,0.003
0.000,0.000,-0.000,622.000,-0.000,622,1.064,0.000,60.000,true,0.003
0.000,0.000,-0.000,622.000,-0.000,622,1.064,0.000,60.000,true,0.003
0.000,0.000,-0.000,622.000,-0.000,622,1.064,0.000,60.000,true,0.003
0.000,0.000,-0.000,622.000,-0.000,622,1.064,0.000,60.000,true,0.003
0.000,0.000,-0.000,622.000,-0.000,622,1.064,0.000,60.000,true,0.003
0.000,0.000,-0.000,622.000,-0.000,622,1.064,0.000,60.000,true,0.000
0.000,0.000,-0.000,622.000,-0.000,622,1.064,0.000,60.000,true,0.000
0.000,0.000,-0.000,622.000,-0.000,622,1.064,0.000,60.000,true,0.000
0.000,0.000,-0.000,622.000,-0.000,622,1.064,0.000,60.000,true,0.000
0.000,0.000,-0.000,622.000,-0.000,622,1.064,0.000,60.000,true,0.000
0.000,0.000,-0.000,622.000,-0.000,622,1.064,0.000,60.000,true,0.000
0.000,0.000,-0.000,622.000,-0.000,622,1.064,0.000,60.000,true,0.000
-0.000,0.000,-0.000,622.000,-0.000,622,1.064,0.000,60.000,true,0.003
-0.000,0.000,-0.000,622.000,-0.000,622,1.064,0.000,60.000,true,0.003
-0.000,0.000,-0.000,622.000,-0.000,622,1.064,0.000,60.000,true,0.003
-0.000,0.000,-0.000,622.000,-0.000,622,1.064,0.000,60.000,true,0.003
-0.000,0.000,-0.000,622.000,-0.000,622,1.064,0.000,60.000,true,0.003
-0.000,0.000,-0.000,622.000,-0.000,622,1.064,0.000,60.000,true,0.003
-0.000,0.000,-0.000,622.000,-0.000,622,1.064,0.000,60.000,true,0.003
-0.000,0.000,-0.000,622.000,-0.000,622,1.064,0.000,60.000,true,0.003
-0.000,0.000,-0.000,622.000,-0.000,622,1.064,0.000,60.000,true,0.003
-0.000,0.000,-0.000,622.000,-0.000,622,1.064,0.000,60.000,true,0.003
-0.000,0.000,-0.000,622.000,-0.000,622,1.064,0.000,60.000,true,0.003
-0.000,0.000,-0.000,622.000,-0.000,622,1.064,0.000,60.000,true,0.003
-0.000,0.000,-0.000,622.000,-0.000,622,1.064,0.000,60.000,true,0.003
-0.000,0.000,-0.000,622.000,-0.000,622,1.064,0.000,60.000,true,0.003
-0.000,0.000,-0.000,622.000,-0.000,622,1.064,0.000,60.000,true,0.003
-0.000,0.000,-0.000,622.000,-0.000,622,1.064,0.000,60.000,true,0.003
-0.000,0.000,-0.000,622.000,-0.000,622,1.064,0.000,60.000,true,0.003
-0.000,0.000,-0.000,622.000,-0.000,622,1.064,0.000,60.000,true,0.003
-0.000,0.000,-0.000,622.000,-0.000,622,1.064,0.000,60.000,true,0.003
-0.000,0.000,-0.000,622.000,-0.000,622,1.064,0.000,60.000,true,0.003
-0.000,0.000,-0.000,622.000,-0.000,622,1.064,0.000,60.000,true,0.003
-0.000,0.000,-0.000,622.000,-0.000,622,1.064,0.000,60.000,true,0.003
-0.000,0.000,-0.000,622.000,-0.000,622,1.064,0.000,60.000,true,0.003
-0.000,0.000,-0.000,622.000,-0.000,622,1.064,0.000,60.000,true,0.003
-0.118,-3000.000,-41.005,621.440,-0.000,622,1.064,0.000,60.000,false,0.003
-0.141,-3000.000,-87.292,620.093,-0.000,622,1.064,0.000,60.000,false,0.003
-0.165,-3000.000,-135.428,617.920,-0.000,622,1.064,0.000,60.000,false,0.003
-0.190,-3000.000,-182.998,615.018,-0.000,621,1.060,0.000,60.000,false,0.003
-0.210,-3000.000,-226.814,611.705,-40.000,619,1.052,0.000,60.000,false,0.003
-0.241,-3000.000,-283.547,606.343,-100.000,617,1.043,0.000,60.000,false,0.933
-0.273,-3000.000,-345.085,599.264,-140.000,615,1.031,0.000,60.000,false,0.933
-0.298,-3000.000,-392.264,593.096,-160.000,611,1.018,0.000,60.000,false,0.933
-0.323,-3000.000,-440.894,585.949,-220.000,606,0.997,0.000,60.000,false,0.933
-0.348,-3000.000,-489.293,578.055,-240.000,601,0.972,0.000,60.000,false,0.933
-0.372,-3000.000,-536.457,569.621,-320.000,594,0.947,0.000,60.000,false,0.933
-0.396,-3000.000,-586.020,559.940,-380.000,587,0.914,0.000,60.000,false,0.933
-0.423,-3000.000,-637.955,548.896,-480.000,575,0.868,0.000,60.000,false,1.545
-0.455,-3000.000,-697.995,534.926,-540.000,566,0.826,0.000,60.000,false,1.545
-0.478,-3000.000,-744.263,523.448,-580.000,556,0.789,0.000,60.000,false,1.545
-0.501,-3000.000,-789.786,511.463,-640.000,546,0.743,0.000,60.000,false,1.545
-0.363,2000.000,-760.200,500.217,-680.000,535,0.697,0.000,60.000,false,1.545
-0.348,2000.000,-728.114,488.536,-720.000,523,0.647,0.000,60.000,false,1.545
-0.331,2000.000,-698.100,478.060,-760.000,510,0.584,0.000,60.000,false,1.545
-0.306,2000.000,-661.055,465.815,-780.000,486,0.492,0.000,60.000,false,0.586
-0.269,2000.000,-584.014,443.319,-760.000,465,0.405,0.000,60.000,false,0.586
-0.246,2000.000,-541.072,431.702,-740.000,450,0.346,0.000,60.000,false,0.586
-0.229,2000.000,-510.614,423.925,-720.000,441,0.305,0.000,60.000,false,0.586
-0.215,2000.000,-483.025,417.262,-680.000,432,0.271,0.000,60.000,false,0.586
-0.201,2000.000,-454.786,410.841,-640.000,424,0.238,0.000,60.000,false,0.586
-0.184,2000.000,-427.498,405.008,-580.000,414,0.196,0.000,60.000,false,0.200
-0.166,2000.000,-387.766,397.305,-560.000,406,0.163,0.000,60.000,false,0.200
-0.150,2000.000,-358.101,391.993,-500.000,400,0.138,0.000,60.000,false,0.200
-0.135,2000.000,-327.944,387.048,-480.000,394,0.109,0.000,60.000,false,0.200
-0.121,2000.000,-299.435,382.780,-440.000,388,0.083,0.000,60.000,false,0.200
-0.106,2000.000,-270.603,378.879,-400.000,382,0.063,0.000,60.000,false,0.200
-0.089,2000.000,-237.583,374.957,-340.000,378,0.042,0.000,60.000,false,0.200
-0.074,2000.000,-209.318,371.998,-300.000,372,0.021,0.000,60.000,false,0.222
0.000,1009.234,-300.000,369.000,-300.000,368,0.004,0.000,60.000,false,0.222
0.000,1295.365,-280.000,365.000,-260.000,365,-0.008,0.000,60.000,false,0.222
-0.061,3000.000,-235.115,361.482,-240.000,362,-0.025,0.000,60.000,false,0.222
-0.029,3000.000,-166.826,357.685,-200.000,358,-0.038,0.000,60.000,false,0.222
-0.006,3000.000,-120.183,355.816,-180.000,355,-0.054,0.000,60.000,false,0.222
0.021,3000.000,-65.464,354.622,-180.000,352,-0.063,0.000,60.000,false,0.568
0.050,3000.000,-7.252,354.482,-140.000,350,-0.071,0.000,60.000,false,0.568
0.125,3000.000,44.517,355.250,-120.000,348,-0.079,0.000,60.000,false,0.568
0.151,3000.000,94.332,356.816,-100.000,347,-0.083,0.000,60.000,false,0.568
0.175,3000.000,140.749,358.994,-60.000,347,-0.083,0.000,60.000,false,0.568
0.199,3000.000,188.418,361.988,-40.000,348,-0.079,0.000,60.000,false,0.568
0.061,-2000.000,156.492,364.486,40.000,349,-0.075,0.000,60.000,false,0.568
0.047,-2000.000,125.558,366.428,60.000,350,-0.071,0.000,60.000,false,0.455
0.039,0.000,0.000,367.000,40.000,350,-0.071,0.000,60.000,false,0.455
0.039,-0.000,0.000,367.000,20.000,350,-0.071,0.000,60.000,false,0.455
0.039,-0.000,0.000,367.000,-0.000,350,-0.071,0.000,60.000,false,0.455
0.039,-0.000,0.000,367.000,-0.000,350,-0.071,0.000,60.000,false,0.455
0.039,-0.000,0.000,367.000,-0.000,350,-0.071,0.000,60.000,false,0.455
0.039,-0.000,0.000,367.000,-0.000,350,-0.071,0.000,60.000,false,0.142
0.039,-0.000,0.000,367.000,-0.000,350,-0.071,0.000,60.000,false,0.142
0.039,-0.000,0.000,367.000,-0.000,350,-0.071,0.000,60.000,false,0.142
0.039,-0.000,0.000,367.000,-0.000,350,-0.071,0.000,60.000,false,0.142
0.039,-0.000,0.000,367.000,-0.000,350,-0.071,0.000,60.000,false,0.142
0.039,-0.000,0.000,367.000,-0.000,350,-0.071,0.000,60.000,false,0.142
0.039,-0.000,0.000,367.000,-0.000,350,-0.071,0.000,60.000,false,0.142
0.039,-0.000,0.000,367.000,-0.000,350,-0.071,0.000,60.000,false,0.047
0.039,-0.000,0.000,367.000,-0.000,350,-0.071,0.000,60.000,false,0.047
0.039,-0.000,0.000,367.000,-0.000,350,-0.071,0.000,60.000,false,0.047
0.039,-0.000,0.000,367.000,-0.000,350,-0.071,0.000,60.000,false,0.047
0.039,-0.000,0.000,367.000,-0.000,350,-0.071,0.000,60.000,false,0.047
0.039,-0.000,0.000,367.000,-0.000,350,-0.071,0.000,60.000,false,0.047
0.039,-0.000,0.000,367.000,-0.000,350,-0.071,0.000,60.000,false,0.047
0.039,-0.000,0.000,367.000,-0.000,350,-0.071,0.000,60.000,false,0.102
0.039,-0.000,0.000,367.000,-0.000,350,-0.071,0.000,60.000,false,0.102
0.039,-0.000,0.000,367.000,-0.000,350,-0.071,0.000,60.000,false,0.102
0.039,-0.000,0.000,367.000,-0.000,350,-0.071,0.000,60.000,false,0.102
0.039,-0.000,0.000,367.000,-0.000,350,-0.071,0.000,60.000,false,0.102
0.039,-0.000,0.000,367.000,-0.000,350,-0.071,0.000,60.000,false,0.102
0.039,-0.000,0.000,367.000,-0.000,350,-0.071,0.000,60.000,false,0.102
0.039,-0.000,0.000,367.000,-0.000,350,-0.071,0.000,60.000,false,0.233
0.039,-0.000,0.000,367.000,-0.000,350,-0.071,0.000,60.000,false,0.233
0.039,-0.000,0.000,367.000,-0.000,350,-0.071,0.000,60.000,false,0.233
0.039,-0.000,0.000,367.000,-0.000,350,-0.071,0.000,60.000,false,0.233
0.039,-0.000,0.000,367.000,-0.000,350,-0.071,0.000,60.000,false,0.233
0.039,-0.000,0.000,367.000,-0.000,350,-0.071,0.000,60.000,false,0.233
0.038,-0.000,0.000,367.000,-0.000,350,-0.071,0.000,60.000,false,0.233
0.038,-0.000,0.000,367.000,-0.000,350,-0.071,0.000,60.000,false,0.415
0.038,-0.000,0.000,367.000,-0.000,350,-0.071,0.000,60.000,false,0.415
0.038,-0.000,0.000,367.000,-0.000,350,-0.071,0.000,60.000,false,0.415
0.038,-0.000,0.000,367.000,-0.000,350,-0.071,0.000,60.000,false,0.415
0.038,-0.000,0.000,367.000,-0.000,350,-0.071,0.000,60.000,false,0.415
0.038,-0.000,0.000,367.000,-0.000,350,-0.071,0.000,60.000,false,0.415
0.038,-0.000,0.000,367.000,-0.000,350,-0.071,0.000,60.000,false,0.415
0.038,-0.000,0.000,367.000,-0.000,350,-0.071,0.000,60.000,false,0.532
0.038,-0.000,0.000,367.000,-0.000,350,-0.071,0.000,60.000,false,0.532
0.038,-0.000,0.000,367.000,-0.000,351,-0.067,0.000,60.000,false,0.532
0.038,-0.000,0.000,367.000,20.000,351,-0.067,0.000,60.000,false,0.532
0.038,-0.000,0.000,367.000,20.000,351,-0.067,0.000,60.000,false,0.532
0.038,-0.000,0.000,367.000,20.000,351,-0.067,0.000,60.000,false,0.532
0.038,-0.000,0.000,367.000,-0.000,351,-0.067,0.000,60.000,false,0.532
0.038,-0.000,0.000,367.000,-0.000,351,-0.067,0.000,60.000,false,0.521
0.038,-0.000,0.000,367.000,-0.000,351,-0.067,0.000,60.000,false,0.521
0.038,-0.000,0.000,367.000,-0.000,351,-0.067,0.000,60.000,false,0.521
0.038,-0.000,0.000,367.000,-0.000,351,-0.067,0.000,60.000,false,0.521
0.038,-0.000,0.000,367.000,-0.000,351,-0.067,0.000,60.000,false,0.521
0.038,-0.000,0.000,367.000,-0.000,351,-0.067,0.000,60.000,false,0.521
0.038,-0.000,0.000,367.000,-0.000,351,-0.067,0.000,60.000,false,0.521
0.038,-0.000,0.000,367.000,-0.000,351,-0.067,0.000,60.000,false,0.663
0.037,-0.000,0.000,367.000,20.000,352,-0.063,0.000,60.000,false,0.663
0.037,-0.000,0.000,367.000,20.000,352,-0.063,0.000,60.000,false,0.663
0.037,-0.000,0.000,367.000,20.000,352,-0.063,0.000,60.000,false,0.663
0.037,-0.000,0.000,367.000,-0.000,353,-0.058,0.000,60.000,false,0.663
0.037,-0.000,0.000,367.000,20.000,353,-0.058,0.000,60.000,false,0.663
0.035,-0.000,0.000,367.000,40.000,354,-0.054,0.000,60.000,false,0.630
0.035,-0.000,0.000,367.000,40.000,355,-0.050,0.000,60.000,false,0.630
0.034,-0.000,0.000,367.000,40.000,356,-0.046,0.000,60.000,false,0.630
0.034,-0.000,0.000,367.000,40.000,356,-0.046,0.000,60.000,false,0.630
0.034,-0.000,0.000,367.000,60.000,357,-0.042,0.000,60.000,false,0.630
0.032,-0.000,0.000,367.000,60.000,359,-0.033,0.000,60.000,false,0.630
0.030,-0.000,0.000,367.000,80.000,360,-0.029,0.000,60.000,false,0.579
0.029,-0.000,0.000,367.000,80.000,362,-0.021,0.000,60.000,false,0.579
0.000,1191.158,100.000,363.000,100.000,364,-0.013,0.000,60.000,false,0.579
0.000,0.000,100.000,366.000,100.000,366,-0.004,0.000,60.000,false,0.579
0.000,-1350.044,80.000,366.000,80.000,366,-0.004,0.000,60.000,false,0.579
0.000,0.000,80.000,367.000,80.000,367,0.000,0.000,60.000,false,0.579
0.000,-1468.024,60.000,367.000,40.000,367,0.000,0.000,60.000,false,0.025
0.000,-2797.692,20.000,367.000,20.000,367,0.000,0.000,60.000,false,0.025
0.000,0.000,20.000,367.000,20.000,367,0.000,0.000,60.000,false,0.025
0.000,-1467.616,-0.000,367.000,-0.000,367,0.000,0.000,60.000,false,0.025
0.000,0.000,-0.000,367.000,-0.000,367,0.000,0.000,60.000,false,0.025
0.000,0.000,-0.000,367.000,-0.000,367,0.000,0.000,60.000,false,0.025
0.000,0.000,-0.000,367.000,-0.000,367,0.000,0.000,60.000,false,0.025
0.000,0.000,-0.000,367.000,-0.000,367,0.000,0.000,60.000,false,0.025
0.000,0.000,-0.000,367.000,-0.000,367,0.000,0.000,60.000,false,0.003
0.000,0.000,-0.000,367.000,-0.000,367,0.000,0.000,60.000,false,0.003
0.000,0.000,-0.000,367.000,-0.000,367,0.000,0.000,60.000,false,0.003
0.000,0.000,-0.000,367.000,-0.000,367,0.000,0.000,60.000,false,0.003
0.000,0.000,-0.000,367.000,-0.000,367,0.000,0.000,60.000,false,0.003
0.000,0.000,-0.000,367.000,-0.000,367,0.000,0.000,60.000,false,0.003
0.000,0.000,-0.000,367.000,-0.000,367,0.000,0.000,60.000,false,0.003
0.000,0.000,-0.000,367.000,-0.000,367,0.000,0.000,60.000,false,0.003
0.000,0.000,-0.000,367.000,-0.000,367,0.000,0.000,60.000,false,0.003
0.000,0.000,-0.000,367.000,-0.000,367,0.000,0.000,60.000,false,0.003
0.000,0.000,-0.000,367.000,-0.000,367,0.000,0.000,60.000,false,0.003
0.000,0.000,-0.000,367.000,-0.000,367,0.000,0.000,60.000,false,0.003
0.000,0.000,-0.000,367.000,-0.000,367,0.000,0.000,60.000,false,0.003
0.000,0.000,-0.000,367.000,-0.000,367,0.000,0.000,60.000,false,0.003
0.000,0.000,-0.000,367.000,-0.000,367,0.000,0.000,60.000,false,0.003
0.000,0.000,-0.000,367.000,-0.000,367,0.000,0.000,60.000,false,0.003
0.000,0.000,-0.000,367.000,-0.000,367,0.000,0.000,60.000,false,0.003
0.000,0.000,-0.000,367.000,-0.000,367,0.000,0.000,60.000,false,0.003
0.000,0.000,-0.000,367.000,-0.000,367,0.000,0.000,60.000,false,0.003
0.000,0.000,-0.000,367.000,-0.000,367,0.000,0.000,60.000,false,0.003
-0.000,0.000,-0.000,367.000,-0.000,367,0.000,0.000,60.000,false,0.003
-0.000,0.000,-0.000,367.000,-0.000,367,0.000,0.000,60.000,false,0.003
-0.000,0.000,-0.000,367.000,-0.000,367,0.000,0.000,60.000,false,0.003
-0.000,0.000,-0.000,367.000,-0.000,367,0.000,0.000,60.000,false,0.003
-0.000,0.000,-0.000,367.000,-0.000,367,0.000,0.000,60.000,false,0.003
-0.000,0.000,-0.000,367.000,-0.000,367,0.000,0.000,60.000,false,0.003
-0.000,0.000,-0.000,367.000,-0.000,367,0.000,0.000,60.000,false,0.003
-0.000,0.000,-0.000,367.000,-0.000,367,0.000,0.000,60.000,false,0.003
-0.000,0.000,-0.000,367.000,-0.000,367,0.000,0.000,60.000,false,0.003
0.118,3000.000,39.675,367.525,-0.000,367,0.000,0.000,60.000,true,0.003
0.142,3000.000,88.438,368.962,-0.000,368,0.004,0.000,60.000,true,0.003
0.162,3000.000,133.244,370.952,60.000,370,0.013,0.000,60.000,true,0.003
0.187,3000.000,180.978,373.832,60.000,370,0.017,0.000,60.000,true,0.003
0.218,3000.000,242.764,378.832,80.000,372,0.025,0.000,60.000,true,0.998
0.246,3000.000,295.985,384.082,80.000,375,0.033,0.000,60.000,true,0.998
0.269,3000.000,342.258,389.362,140.000,378,0.046,0.000,60.000,true,0.998
0.293,3000.000,389.103,395.437,200.000,382,0.063,0.000,60.000,true,0.998
0.319,3000.000,439.831,402.875,220.000,387,0.083,0.000,60.000,true,0.998
0.344,3000.000,488.899,410.871,300.000,393,0.109,0.000,60.000,true,0.998
0.376,3000.000,551.198,422.318,380.000,404,0.154,0.000,60.000,true,1.549
0.409,3000.000,612.938,434.932,440.000,412,0.188,0.000,60.000,true,1.549
0.433,3000.000,658.509,444.935,480.000,420,0.225,0.000,60.000,true,1.549
0.456,3000.000,705.803,456.062,520.000,429,0.263,0.000,60.000,true,1.549
0.481,3000.000,755.435,468.559,620.000,440,0.309,0.000,60.000,true,1.549
0.503,3000.000,799.739,480.370,640.000,451,0.355,0.000,60.000,true,1.549
0.364,-2000.000,768.285,492.452,720.000,463,0.405,0.000,60.000,true,1.549
0.348,-2000.000,738.716,503.374,780.000,479,0.472,0.000,60.000,true,1.786
0.327,-2000.000,697.783,517.655,800.000,495,0.538,0.000,60.000,true,1.786
0.305,-2000.000,658.612,530.555,880.000,511,0.605,0.000,60.000,true,1.786
0.286,-2000.000,624.794,541.119,860.000,525,0.668,0.000,60.000,true,1.786
0.268,-2000.000,592.794,550.604,880.000,538,0.718,0.000,60.000,true,1.786
0.251,-2000.000,562.851,559.031,820.000,550,0.768,0.000,60.000,true,1.786
0.227,-2000.000,530.747,567.550,800.000,568,0.843,0.000,60.000,true,0.112
0.202,-2000.000,482.113,579.274,760.000,580,0.893,0.000,60.000,true,0.112
0.175,-2000.000,433.713,589.770,680.000,595,0.952,0.000,60.000,true,0.112
0.158,-2000.000,402.462,596.058,620.000,603,0.989,0.000,60.000,true,0.112
0.142,-2000.000,371.759,601.765,560.000,611,1.022,0.000,60.000,true,0.112
0.000,-1230.930,560.000,618.000,540.000,619,1.056,0.000,60.000,true,0.112
0.189,-3000.000,510.622,626.404,460.000,629,1.098,0.000,60.000,true,0.069
0.158,-3000.000,441.950,636.521,440.000,636,1.123,0.000,60.000,true,0.069
0.135,-3000.000,390.738,643.191,400.000,642,1.152,0.000,60.000,true,0.069
0.109,-3000.000,335.758,649.344,380.000,649,1.177,0.000,60.000,true,0.069
0.082,-3000.000,280.083,654.542,340.000,655,1.202,0.000,60.000,true,0.069
0.057,-3000.000,229.668,658.402,320.000,660,1.223,0.000,60.000,true,0.069
0.030,-3000.000,174.829,661.598,280.000,666,1.248,0.000,60.000,true,0.193
-0.003,-3000.000,110.566,663.966,280.000,671,1.269,0.000,60.000,true,0.193
-0.028,-3000.000,60.474,664.976,260.000,674,1.281,0.000,60.000,true,0.193
-0.059,-3000.000,0.002,664.976,220.000,678,1.298,0.000,60.000,true,0.193
-0.143,-3000.000,-65.321,663.554,160.000,680,1.306,0.000,60.000,true,0.193
-0.168,-3000.000,-115.423,661.626,80.000,680,1.306,0.000,60.000,true,0.193
-0.194,-3000.000,-166.870,658.764,20.000,680,1.306,0.000,60.000,true,0.207
-0.231,-3000.000,-236.828,653.242,-0.000,680,1.306,0.000,60.000,true,0.207
-0.257,-3000.000,-286.833,648.461,-40.000,679,1.298,0.000,60.000,true,0.207
-0.284,-3000.000,-337.152,642.806,-60.000,676,1.290,0.000,60.000,true,0.207
-0.145,2000.000,-298.520,637.039,-120.000,673,1.277,0.000,60.000,true,0.207
-0.130,2000.000,-264.778,632.572,-160.000,670,1.256,0.000,60.000,true,0.207
-0.107,2000.000,-219.652,627.616,-240.000,662,1.231,0.000,60.000,true,0.798
-0.085,2000.000,-170.817,623.445,-240.000,659,1.214,0.000,60.000,true,0.798
-0.068,2000.000,-135.683,621.062,-220.000,655,1.202,0.000,60.000,true,0.798
-0.050,2000.000,-100.795,619.303,-200.000,651,1.185,0.000,60.000,true,0.798
-0.029,2000.000,-61.078,618.091,-200.000,648,1.173,0.000,60.000,true,0.798
-0.048,0.000,0.000,617.922,-160.000,646,1.164,0.000,60.000,true,0.798
-0.046,-0.000,0.000,617.922,-120.000,644,1.156,0.000,60.000,true,0.211
-0.046,-0.000,0.000,617.922,-60.000,644,1.156,0.000,60.000,true,0.211
-0.046,-0.000,0.000,617.922,-20.000,644,1.156,0.000,60.000,true,0.211
-0.046,-0.000,0.000,617.922,-0.000,644,1.156,0.000,60.000,true,0.211
-0.046,-0.000,0.000,617.922,-0.000,644,1.156,0.000,60.000,true,0.211
-0.046,-0.000,0.000,617.922,-0.000,644,1.156,0.000,60.000,true,0.211
-0.046,-0.000,0.000,617.922,-0.000,644,1.156,0.000,60.000,true,0.211
-0.046,-0.000,0.000,617.922,-20.000,643,1.152,0.000,60.000,true,0.346
-0.046,-0.000,0.000,617.922,-20.000,643,1.148,0.000,60.000,true,0.346
-0.044,-0.000,0.000,617.922,-40.000,642,1.148,0.000,60.000,true,0.346
-0.044,-0.000,0.000,617.922,-20.000,641,1.144,0.000,60.000,true,0.346
-0.044,-0.000,0.000,617.922,-40.000,641,1.144,0.000,60.000,true,0.346
-0.044,-0.000,0.000,617.922,-20.000,640,1.139,0.000,60.000,true,0.346
-0.043,-0.000,0.000,617.922,-40.000,640,1.139,0.000,60.000,true,0.346
-0.043,-0.000,0.000,617.922,-40.000,639,1.135,0.000,60.000,true,0.371
-0.041,-0.000,0.000,617.922,-40.000,638,1.131,0.000,60.000,true,0.371
-0.041,-0.000,0.000,617.922,-40.000,637,1.127,0.000,60.000,true,0.371
-0.041,-0.000,0.000,617.922,-40.000,637,1.123,0.000,60.000,true,0.371
-0.040,-0.000,0.000,617.922,-60.000,636,1.123,0.000,60.000,true,0.371
-0.040,-0.000,0.000,617.922,-60.000,635,1.118,0.000,60.000,true,0.371
-0.038,-0.000,0.000,617.922,-60.000,634,1.114,0.000,60.000,true,0.371
-0.038,-0.000,0.000,617.922,-60.000,633,1.110,0.000,60.000,true,0.277
-0.036,-0.000,0.000,617.922,-80.000,632,1.106,0.000,60.000,true,0.277
-0.036,-0.000,0.000,617.922,-60.000,630,1.098,0.000,60.000,true,0.277
-0.035,-0.000,0.000,617.922,-80.000,630,1.098,0.000,60.000,true,0.277
-0.035,-0.000,0.000,617.922,-60.000,629,1.093,0.000,60.000,true,0.277
-0.033,-0.000,0.000,617.922,-80.000,628,1.089,0.000,60.000,true,0.277
-0.033,-0.000,0.000,617.922,-40.000,628,1.089,0.000,60.000,true,0.277
-0.033,-0.000,0.000,617.922,-40.000,627,1.085,0.000,60.000,true,0.211
-0.031,-0.000,0.000,617.922,-20.000,626,1.081,0.000,60.000,true,0.211
-0.031,-0.000,0.000,617.922,-60.000,625,1.077,0.000,60.000,true,0.211
-0.030,-0.000,0.000,617.922,-60.000,624,1.073,0.000,60.000,true,0.211
-0.030,-0.000,0.000,617.922,-60.000,624,1.073,0.000,60.000,true,0.211
-0.030,-0.000,0.000,617.922,-40.000,624,1.073,0.000,60.000,true,0.211
-0.030,-0.000,0.000,617.922,-40.000,623,1.068,0.000,60.000,true,0.211
-0.030,-0.000,0.000,617.922,-20.000,623,1.068,0.000,60.000,true,0.368
0.000,0.000,-20.000,622.000,-40.000,622,1.064,0.000,60.000,true,0.368
0.000,0.000,-20.000,622.000,-20.000,622,1.064,0.000,60.000,true,0.368
0.000,0.000,-20.000,622.000,-40.000,621,1.060,0.000,60.000,true,0.368
0.000,-1416.736,-40.000,621.000,-40.000,621,1.060,0.000,60.000,true,0.368
0.000,1252.240,-20.000,621.000,-20.000,621,1.060,0.000,60.000,true,0.368
0.000,0.000,-20.000,621.000,-20.000,621,1.060,0.000,60.000,true,0.368
0.000,1408.529,-0.000,621.000,-0.000,621,1.060,0.000,60.000,true,0.010
0.000,0.000,-0.000,621.000,-0.000,621,1.060,0.000,60.000,true,0.010
0.000,0.000,-0.000,621.000,-0.000,621,1.060,0.000,60.000,true,0.010
0.000,0.000,-0.000,621.000,-0.000,621,1.060,0.000,60.000,true,0.010
0.000,0.000,-0.000,621.000,-0.000,621,1.060,0.000,60.000,true,0.010
0.000,0.000,-0.000,621.000,-0.000,621,1.060,0.000,60.000,true,0.010
0.000,0.000,-0.000,621.000,-0.000,621,1.060,0.000,60.000,true,0.010
0.000,0.000,-0.000,621.000,-0.000,621,1.060,0.000,60.000,true,0.003
0.000,0.000,-0.000,621.000,-0.000,621,1.060,0.000,60.000,true,0.003
0.000,0.000,-0.000,621.000,-0.000,621,1.060,0.000,60.000,true,0.003
0.000,0.000,-0.000,621.000,-0.000,621,1.060,0.000,60.000,true,0.003
0.000,0.000,-0.000,621.000,-0.000,621,1.060,0.000,60.000,true,0.003
0.000,0.000,-0.000,621.000,-0.000,621,1.060,0.000,60.000,true,0.003
0.000,0.000,-0.000,621.000,-0.000,621,1.060,0.000,60.000,true,0.003
0.000,0.000,-0.000,621.000,-0.000,621,1.060,0.000,60.000,true,0.003
0.000,0.000,-0.000,621.000,-0.000,621,1.060,0.000,60.000,true,0.003
0.000,0.000,-0.000,621.000,-0.000,621,1.060,0.000,60.000,true,0.003
0.000,0.000,-0.000,621.000,-0.000,621,1.060,0.000,60.000,true,0.003
0.000,0.000,-0.000,621.000,-0.000,621,1.060,0.000,60.000,true,0.003
0.000,0.000,-0.000,621.000,-0.000,621,1.060,0.000,60.000,true,0.003
0.000,0.000,-0.000,621.000,-0.000,621,1.060,0.000,60.000,true,0.003
0.000,0.000,-0.000,621.000,-0.000,621,1.060,0.000,60.000,true,0.003
0.000,0.000,-0.000,621.000,-0.000,621,1.060,0.000,60.000,true,0.003
0.000,0.000,-0.000,621.000,-0.000,621,1.060,0.000,60.000,true,0.003
0.000,0.000,-0.000,621.000,-0.000,621,1.060,0.000,60.000,true,0.003
0.000,0.000,-0.000,621.000,-0.000,621,1.060,0.000,60.000,true,0.003
-0.000,0.000,-0.000,621.000,-0.000,621,1.060,0.000,60.000,true,0.003
-0.000,0.000,-0.000,621.000,-0.000,621,1.060,0.000,60.000,true,0.003
-0.000,0.000,-0.000,621.000,-0.000,621,1.060,0.000,60.000,true,0.003
-0.000,0.000,-0.000,621.000,-0.000,621,1.060,0.000,60.000,true,0.003
-0.000,0.000,-0.000,621.000,-0.000,621,1.060,0.000,60.000,true,0.003
-0.000,0.000,-0.000,621.000,-0.000,621,1.060,0.000,60.000,true,0.003
-0.000,0.000,-0.000,621.000,-0.000,621,1.060,0.000,60.000,true,0.003
-0.000,0.000,-0.000,621.000,-0.000,621,1.060,0.000,60.000,true,0.003
-0.000,0.000,-0.000,621.000,-0.000,621,1.060,0.000,60.000,true,0.003
-0.000,0.000,-0.000,621.000,-0.000,621,1.060,0.000,60.000,true,0.003
-0.000,0.000,-0.000,621.000,-0.000,621,1.060,0.000,60.000,true,0.003
-0.000,0.000,-0.000,621.000,-0.000,621,1.060,0.000,60.000,true,0.003
-0.122,-3000.000,-48.249,620.224,-0.000,621,1.060,0.000,60.000,false,0.003
-0.154,-3000.000,-112.316,617.825,-0.000,621,1.060,0.000,60.000,false,0.003
-0.177,-3000.000,-160.043,615.279,-20.000,620,1.056,0.000,60.000,false,0.003
-0.199,-3000.000,-203.117,612.363,-20.000,619,1.052,0.000,60.000,false,0.003
-0.222,-3000.000,-245.844,608.862,-60.000,617,1.043,0.000,60.000,false,1.089
-0.253,-3000.000,-304.881,602.862,-100.000,615,1.035,0.000,60.000,false,1.089
-0.275,-3000.000,-349.868,597.615,-140.000,612,1.022,0.000,60.000,false,1.089
-0.305,-3000.000,-406.958,589.871,-160.000,608,1.002,0.000,60.000,false,1.089
-0.331,-3000.000,-456.685,582.301,-220.000,603,0.981,0.000,60.000,false,1.089
-0.354,-3000.000,-503.821,574.385,-320.000,597,0.960,0.000,60.000,false,1.089
-0.379,-3000.000,-552.221,565.476,-360.000,590,0.931,0.000,60.000,false,1.089
-0.407,-3000.000,-605.673,554.684,-420.000,579,0.885,0.000,60.000,false,1.676
-0.440,-3000.000,-667.394,540.954,-480.000,570,0.847,0.000,60.000,false,1.676
-0.464,-3000.000,-714.459,529.745,-560.000,561,0.805,0.000,60.000,false,1.676
-0.487,-3000.000,-760.470,518.082,-600.000,551,0.764,0.000,60.000,false,1.676
-0.510,-3000.000,-806.498,505.708,-660.000,540,0.718,0.000,60.000,false,1.676
-0.372,2000.000,-776.145,493.929,-680.000,529,0.672,0.000,60.000,false,1.676
-0.353,2000.000,-737.561,479.700,-740.000,514,0.609,0.000,60.000,false,1.676
-0.334,2000.000,-707.516,469.071,-760.000,498,0.543,0.000,60.000,false,0.841
-0.315,2000.000,-667.582,455.741,-760.000,487,0.497,0.000,60.000,false,0.841
-0.300,2000.000,-637.557,446.170,-760.000,475,0.451,0.000,60.000,false,0.841
-0.283,2000.000,-604.368,436.141,-740.000,464,0.396,0.000,60.000,false,0.841
-0.262,2000.000,-565.419,425.130,-720.000,450,0.342,0.000,60.000,false,0.841
-0.246,2000.000,-534.610,416.894,-700.000,440,0.305,0.000,60.000,false,0.841
-0.230,2000.000,-502.066,408.724,-640.000,431,0.263,0.000,60.000,false,0.841
-0.213,2000.000,-472.192,401.671,-600.000,420,0.217,0.000,60.000,false,0.287
-0.194,2000.000,-432.266,393.042,-560.000,412,0.184,0.000,60.000,false,0.287
-0.177,2000.000,-400.163,386.619,-540.000,403,0.146,0.000,60.000,false,0.287
-0.160,2000.000,-367.371,380.595,-500.000,396,0.117,0.000,60.000,false,0.287
-0.145,2000.000,-336.977,375.474,-480.000,389,0.092,0.000,60.000,false,0.287
-0.129,2000.000,-306.375,370.787,-460.000,382,0.063,0.000,60.000,false,0.287
-0.034,0.000,0.000,367.000,-440.000,377,0.038,0.000,60.000,false,0.287
0.000,2424.689,-400.000,370.000,-400.000,369,0.004,0.000,60.000,false,0.317
0.000,2206.927,-340.000,363.000,-320.000,362,-0.021,0.000,60.000,false,0.317
-0.088,3000.000,-291.831,358.314,-320.000,358,-0.038,0.000,60.000,false,0.317
-0.063,3000.000,-239.517,354.138,-260.000,354,-0.054,0.000,60.000,false,0.317
-0.034,3000.000,-179.593,350.550,-240.000,349,-0.075,0.000,60.000,false,0.317
-0.008,3000.000,-125.138,348.279,-220.000,346,-0.088,0.000,60.000,false,0.317
0.015,3000.000,-77.897,347.052,-180.000,343,-0.100,0.000,60.000,false,0.455
0.046,3000.000,-17.885,346.694,-160.000,341,-0.109,0.000,60.000,false,0.455
0.118,3000.000,26.592,347.089,-140.000,339,-0.117,0.000,60.000,false,0.455
0.142,3000.000,73.706,348.246,-120.000,338,-0.121,0.000,60.000,false,0.455
0.165,3000.000,119.777,350.086,-80.000,338,-0.121,0.000,60.000,false,0.455
0.187,3000.000,164.207,352.517,-20.000,339,-0.117,0.000,60.000,false,0.455
0.212,3000.000,212.634,355.950,20.000,339,-0.117,0.000,60.000,false,0.455
0.075,-2000.000,179.650,358.913,40.000,340,-0.113,0.000,60.000,false,0.616
0.233,3000.000,243.852,364.131,20.000,340,-0.113,0.000,60.000,false,0.616
0.046,0.000,0.000,367.000,40.000,341,-0.109,0.000,60.000,false,0.616
0.044,-0.000,0.000,367.000,40.000,343,-0.100,0.000,60.000,false,0.616
0.044,-0.000,0.000,367.000,80.000,344,-0.092,0.000,60.000,false,0.616
0.042,-0.000,0.000,367.000,120.000,347,-0.083,0.000,60.000,false,0.616
0.039,-0.000,0.000,367.000,100.000,350,-0.071,0.000,60.000,false,0.200
0.039,-0.000,0.000,367.000,80.000,350,-0.067,0.000,60.000,false,0.200
0.038,-0.000,0.000,367.000,60.000,351,-0.067,0.000,60.000,false,0.200
0.038,-0.000,0.000,367.000,60.000,352,-0.063,0.000,60.000,false,0.200
0.038,-0.000,0.000,367.000,20.000,352,-0.063,0.000,60.000,false,0.200
0.038,-0.000,0.000,367.000,20.000,352,-0.063,0.000,60.000,false,0.200
0.038,-0.000,0.000,367.000,-0.000,352,-0.063,0.000,60.000,false,0.189
0.038,-0.000,0.000,367.000,-0.000,352,-0.063,0.000,60.000,false,0.189
0.038,-0.000,0.000,367.000,-0.000,352,-0.063,0.000,60.000,false,0.189
0.036,-0.000,0.000,367.000,20.000,353,-0.058,0.000,60.000,false,0.189
0.036,-0.000,0.000,367.000,40.000,354,-0.054,0.000,60.000,false,0.189
0.036,-0.000,0.000,367.000,40.000,354,-0.054,0.000,60.000,false,0.189
0.036,-0.000,0.000,367.000,20.000,354,-0.054,0.000,60.000,false,0.189
0.036,-0.000,0.000,367.000,20.000,354,-0.054,0.000,60.000,false,0.331
0.036,-0.000,0.000,367.000,-0.000,354,-0.054,0.000,60.000,false,0.331
0.036,-0.000,0.000,367.000,-0.000,354,-0.054,0.000,60.000,false,0.331
0.036,-0.000,0.000,367.000,-0.000,354,-0.054,0.000,60.000,false,0.331
0.036,-0.000,0.000,367.000,-0.000,354,-0.054,0.000,60.000,false,0.331
0.036,-0.000,0.000,367.000,-0.000,354,-0.054,0.000,60.000,false,0.331
0.036,-0.000,0.000,367.000,-0.000,354,-0.054,0.000,60.000,false,0.331
0.036,-0.000,0.000,367.000,-0.000,354,-0.054,0.000,60.000,false,0.331
0.036,-0.000,0.000,367.000,-0.000,354,-0.054,0.000,60.000,false,0.492
0.036,-0.000,0.000,367.000,-0.000,354,-0.054,0.000,60.000,false,0.492
0.036,-0.000,0.000,367.000,-0.000,354,-0.054,0.000,60.000,false,0.492
0.036,-0.000,0.000,367.000,-0.000,354,-0.054,0.000,60.000,false,0.492
0.036,-0.000,0.000,367.000,-0.000,354,-0.054,0.000,60.000,false,0.492
0.036,-0.000,0.000,367.000,-0.000,354,-0.054,0.000,60.000,false,0.492
0.036,-0.000,0.000,367.000,-0.000,354,-0.054,0.000,60.000,false,0.492
0.036,-0.000,0.000,367.000,-0.000,354,-0.054,0.000,60.000,false,0.492
0.036,-0.000,0.000,367.000,-0.000,354,-0.054,0.000,60.000,false,0.561
0.036,-0.000,0.000,367.000,-0.000,354,-0.054,0.000,60.000,false,0.561
0.036,-0.000,0.000,367.000,-0.000,354,-0.054,0.000,60.000,false,0.561
0.036,-0.000,0.000,367.000,-0.000,354,-0.054,0.000,60.000,false,0.561
0.036,-0.000,0.000,367.000,-0.000,354,-0.054,0.000,60.000,false,0.561
0.036,-0.000,0.000,367.000,-0.000,354,-0.054,0.000,60.000,false,0.561
0.036,-0.000,0.000,367.000,-0.000,354,-0.054,0.000,60.000,false,0.561
0.036,-0.000,0.000,367.000,-0.000,354,-0.054,0.000,60.000,false,0.561
0.035,-0.000,0.000,367.000,-0.000,355,-0.050,0.000,60.000,false,0.674
0.035,-0.000,0.000,367.000,20.000,355,-0.050,0.000,60.000,false,0.674
0.035,-0.000,0.000,367.000,20.000,355,-0.050,0.000,60.000,false,0.674
0.035,-0.000,0.000,367.000,40.000,356,-0.046,0.000,60.000,false,0.674
0.035,-0.000,0.000,367.000,20.000,356,-0.046,0.000,60.000,false,0.674
0.033,-0.000,0.000,367.000,40.000,357,-0.042,0.000,60.000,false,0.674
0.033,-0.000,0.000,367.000,40.000,358,-0.038,0.000,60.000,false,0.674
0.030,-0.000,0.000,367.000,60.000,360,-0.025,0.000,60.000,false,0.579
0.029,-0.000,0.000,367.000,80.000,362,-0.017,0.000,60.000,false,0.579
0.000,1030.436,80.000,364.000,80.000,364,-0.013,0.000,60.000,false,0.579
0.000,754.926,100.000,366.000,100.000,366,-0.004,0.000,60.000,false,0.579
0.000,-1357.017,80.000,367.000,80.000,367,0.000,0.000,60.000,false,0.579
0.000,-1512.349,60.000,367.000,60.000,367,0.000,0.000,60.000,false,0.579
0.000,-1129.064,40.000,367.000,20.000,367,0.000,0.000,60.000,false,0.018
0.000,-1359.384,20.000,367.000,20.000,367,0.000,0.000,60.000,false,0.018
0.000,-1532.733,-0.000,367.000,-0.000,367,0.000,0.000,60.000,false,0.018
0.000,0.000,-0.000,367.000,-0.000,367,0.000,0.000,60.000,false,0.018
0.000,0.000,-0.000,367.000,-0.000,367,0.000,0.000,60.000,false,0.018
0.000,0.000,-0.000,367.000,-0.000,367,0.000,0.000,60.000,false,0.018
0.000,0.000,-0.000,367.000,-0.000,367,0.000,0.000,60.000,false,0.018
0.000,0.000,-0.000,367.000,-0.000,367,0.000,0.000,60.000,false,0.018
0.000,0.000,-0.000,367.000,-0.000,367,0.000,0.000,60.000,false,0.003
0.000,0.000,-0.000,367.000,-0.000,367,0.000,0.000,60.000,false,0.003
0.000,0.000,-0.000,367.000,-0.000,367,0.000,0.000,60.000,false,0.003
0.000,0.000,-0.000,367.000,-0.000,367,0.000,0.000,60.000,false,0.003
0.000,0.000,-0.000,367.000,-0.000,367,0.000,0.000,60.000,false,0.003
0.000,0.000,-0.000,367.000,-0.000,367,0.000,0.000,60.000,false,0.003
0.000,0.000,-0.000,367.000,-0.000,367,0.000,0.000,60.000,false,0.003
0.000,0.000,-0.000,367.000,-0.000,367,0.000,0.000,60.000,false,0.003
0.000,0.000,-0.000,367.000,-0.000,367,0.000,0.000,60.000,false,0.003
0.000,0.000,-0.000,367.000,-0.000,367,0.000,0.000,60.000,false,0.003
0.000,0.000,-0.000,367.000,-0.000,367,0.000,0.000,60.000,false,0.003
0.000,0.000,-0.000,367.000,-0.000,367,0.000,0.000,60.000,false,0.003
0.000,0.000,-0.000,367.000,-0.000,367,0.000,0.000,60.000,false,0.003
0.000,0.000,-0.000,367.000,-0.000,367,0.000,0.000,60.000,false,0.003
0.000,0.000,-0.000,367.000,-0.000,367,0.000,0.000,60.000,false,0.003
0.000,0.000,-0.000,367.000,-0.000,367,0.000,0.000,60.000,false,0.003
0.000,0.000,-0.000,367.000,-0.000,367,0.000,0.000,60.000,false,0.003
0.000,0.000,-0.000,367.000,-0.000,367,0.000,0.000,60.000,false,0.003
0.000,0.000,-0.000,367.000,-0.000,367,0.000,0.000,60.000,false,0.003
0.000,0.000,-0.000,367.000,-0.000,367,0.000,0.000,60.000,false,0.003
-0.000,0.000,-0.000,367.000,-0.000,367,0.000,0.000,60.000,false,0.003
-0.000,0.000,-0.000,367.000,-0.000,367,0.000,0.000,60.000,false,0.003
-0.000,0.000,-0.000,367.000,-0.000,367,0.000,0.000,60.000,false,0.003
-0.000,0.000,-0.000,367.000,-0.000,367,0.000,0.000,60.000,false,0.003
-0.000,0.000,-0.000,367.000,-0.000,367,0.000,0.000,60.000,false,0.003
-0.000,0.000,-0.000,367.000,-0.000,367,0.000,0.000,60.000,false,0.003
-0.000,0.000,-0.000,367.000,-0.000,367,0.000,0.000,60.000,false,0.003
-0.000,0.000,-0.000,367.000,-0.000,367,0.000,0.000,60.000,false,0.003
-0.000,0.000,-0.000,367.000,-0.000,367,0.000,0.000,60.000,false,0.003
-0.000,0.000,-0.000,367.000,-0.000,367,0.000,0.000,60.000,false,0.003
-0.000,0.000,-0.000,367.000,-0.000,367,0.000,0.000,60.000,false,0.003
-0.000,0.000,-0.000,367.000,-0.000,367,0.000,0.000,60.000,false,0.003
-0.000,0.000,-0.000,367.000,-0.000,367,0.000,0.000,60.000,false,0.003
-0.000,0.000,-0.000,367.000,-0.000,367,0.000,0.000,60.000,false,0.003
-0.000,0.000,-0.000,367.000,-0.000,367,0.000,0.000,60.000,false,0.003
-0.000,0.000,-0.000,367.000,-0.000,367,0.000,0.000,60.000,false,0.003
-0.000,0.000,-0.000,367.000,-0.000,367,0.000,0.000,60.000,false,0.003
-0.000,0.000,-0.000,367.000,-0.000,367,0.000,0.000,60.000,false,0.003
-0.000,0.000,-0.000,367.000,-0.000,367,0.000,0.000,60.000,false,0.003
-0.000,0.000,-0.000,367.000,-0.000,367,0.000,0.000,60.000,false,0.003
-0.000,0.000,-0.000,367.000,-0.000,367,0.000,0.000,60.000,false,0.003
-0.000,0.000,-0.000,367.000,-0.000,367,0.000,0.000,60.000,false,0.003
-0.000,0.000,-0.000,367.000,-0.000,367,0.000,0.000,60.000,false,0.003
-0.000,0.000,-0.000,367.000,-0.000,367,0.000,0.000,60.000,false,0.003
-0.000,0.000,-0.000,367.000,-0.000,367,0.000,0.000,60.000,false,0.003
-0.000,0.000,-0.000,367.000,-0.000,367,0.000,0.000,60.000,false,0.003
-0.000,0.000,-0.000,367.000,-0.000,367,0.000,0.000,60.000,false,0.003
-0.000,0.000,-0.000,367.000,-0.000,367,0.000,0.000,60.000,false,0.003
-0.000,0.000,-0.000,367.000,-0.000,367,0.000,0.000,60.000,false,0.003
-0.000,0.000,-0.000,367.000,-0.000,367,0.000,0.000,60.000,false,0.003
-0.000,0.000,-0.000,367.000,-0.000,367,0.000,0.000,60.000,false,0.003
-0.000,0.000,-0.000,367.000,-0.000,367,0.000,0.000,60.000,false,0.003
-0.000,0.000,-0.000,367.000,-0.000,367,0.000,0.000,60.000,false,0.003
-0.000,0.000,-0.000,367.000,-0.000,367,0.000,0.000,60.000,false,0.003
-0.000,0.000,-0.000,367.000,-0.000,367,0.000,0.000,60.000,false,0.003
-0.000,0.000,-0.000,367.000,-0.000,367,0.000,0.000,60.000,false,0.003
-0.000,0.000,-0.000,367.000,-0.000,367,0.000,0.000,60.000,false,0.003
-0.000,0.000,-0.000,367.000,-0.000,367,0.000,0.000,60.000,false,0.003
-0.000,0.000,-0.000,367.000,-0.000,367,0.000,0.000,60.000,false,0.003
-0.000,0.000,-0.000,367.000,-0.000,367,0.000,0.000,60.000,false,0.003
-0.000,0.000,-0.000,367.000,-0.000,367,0.000,0.000,60.000,false,0.000
-0.000,0.000,-0.000,367.000,-0.000,367,0.000,0.000,60.000,false,0.000
-0.000,0.000,-0.000,367.000,-0.000,367,0.000,0.000,60.000,false,0.000
-0.000,0.000,-0.000,367.000,-0.000,367,0.000,0.000,60.000,false,0.000
-0.000,0.000,-0.000,367.000,-0.000,367,0.000,0.000,60.000,false,0.000
-0.000,0.000,-0.000,367.000,-0.000,367,0.000,0.000,60.000,false,0.000
-0.000,0.000,-0.000,367.000,-0.000,367,0.000,0.000,60.000,false,0.000
-0.000,0.000,-0.000,367.000,-0.000,367,0.000,0.000,60.000,false,0.003
-0.000,0.000,-0.000,367.000,-0.000,367,0.000,0.000,60.000,false,0.003
-0.000,0.000,-0.000,367.000,-0.000,367,0.000,0.000,60.000,false,0.003
-0.000,0.000,-0.000,367.000,-0.000,367,0.000,0.000,60.000,false,0.003
