velocity,applied_voltage,current,power,position,xref,vref,aref,targetPos,time
-0.000,4.653,0.003,0.388,0.000,93.062,0.000,0.000,93.062,1.078
-0.000,4.653,0.867,0.388,2.000,93.062,0.000,0.000,93.062,1.096
80.000,4.483,1.075,0.374,7.000,93.062,0.000,0.000,93.062,1.120
200.000,4.093,1.643,0.341,10.000,93.062,0.000,0.000,93.062,1.137
200.000,3.903,1.359,0.325,15.000,93.062,0.000,0.000,93.062,1.161
220.000,3.603,0.940,0.300,24.000,93.062,0.000,0.000,93.062,1.187
300.000,3.143,0.863,0.262,30.000,93.062,0.000,0.000,93.062,1.206
360.000,2.663,0.765,0.222,39.000,93.062,0.000,0.000,93.062,1.230
360.000,2.263,0.441,0.189,49.000,93.062,0.000,0.000,93.062,1.256
360.000,1.813,0.240,0.151,54.000,93.062,0.000,0.000,93.062,1.274
340.000,1.563,0.207,0.130,59.000,93.062,0.000,0.000,93.062,1.290
340.000,1.263,0.076,0.105,65.000,93.062,0.000,0.000,93.062,1.308
300.000,1.013,0.043,0.084,69.000,93.062,0.000,0.000,93.062,1.325
280.000,0.903,0.036,0.075,73.000,93.062,0.000,0.000,93.062,1.344
200.000,0.763,0.007,0.064,77.000,93.062,0.000,0.000,93.062,1.368
180.000,0.603,0.003,0.050,79.000,93.062,0.000,0.000,93.062,1.385
160.000,0.493,0.010,0.041,82.000,93.062,0.000,0.000,93.062,1.405
140.000,0.343,0.014,0.029,84.000,93.062,0.000,0.000,93.062,1.424
120.000,0.283,0.010,0.024,86.000,93.062,0.000,0.000,93.062,1.445
100.000,0.253,0.010,0.021,88.000,93.062,0.000,0.000,93.062,1.465
80.000,0.173,0.010,0.014,89.000,93.062,0.000,0.000,93.062,1.483
60.000,0.123,0.025,0.010,89.000,93.062,0.000,0.000,93.062,1.506
40.000,0.163,0.047,0.014,89.000,93.062,0.000,0.000,93.062,1.525
-0.000,0.183,0.054,0.015,89.000,93.062,0.000,0.000,93.062,1.544
-0.000,0.203,0.123,0.017,89.000,93.062,0.000,0.000,93.062,1.560
-0.000,0.203,0.156,0.017,90.000,93.062,0.000,0.000,93.062,1.575
20.000,0.133,0.174,0.011,90.000,93.062,0.000,0.000,93.062,1.595
20.000,0.133,0.178,0.011,90.000,93.062,0.000,0.000,93.062,1.611
20.000,0.133,0.185,0.011,90.000,93.062,0.000,0.000,93.062,1.627
-0.000,0.153,0.185,0.013,90.000,93.062,0.000,0.000,93.062,1.644
-0.000,0.153,0.266,0.013,90.000,93.062,0.000,0.000,93.062,1.660
-0.000,0.153,0.295,0.013,90.000,93.062,0.000,0.000,93.062,1.680
-0.000,0.153,0.309,0.013,90.000,93.062,0.000,0.000,93.062,1.700
-0.000,0.153,0.320,0.013,90.000,93.062,0.000,0.000,93.062,1.716
-0.000,0.153,0.324,0.013,90.000,93.062,0.000,0.000,93.062,1.734
-0.000,0.153,0.324,0.013,90.000,93.062,0.000,0.000,93.062,1.750
-0.000,0.153,0.324,0.013,90.000,93.062,0.000,0.000,93.062,1.767
-0.000,0.153,0.324,0.013,90.000,93.062,0.000,0.000,93.062,1.788
-0.000,0.153,0.324,0.013,90.000,93.062,0.000,0.000,93.062,1.804
-0.000,0.153,0.320,0.013,90.000,93.062,0.000,0.000,93.062,1.821
-0.000,0.153,0.320,0.013,90.000,93.062,0.000,0.000,93.062,1.836
-0.000,0.153,0.324,0.013,90.000,93.062,0.000,0.000,93.062,1.853
-0.000,0.153,0.317,0.013,90.000,93.062,0.000,0.000,93.062,1.869
-0.000,0.153,0.317,0.013,90.000,93.062,0.000,0.000,93.062,1.885
-0.000,0.153,0.324,0.013,90.000,93.062,0.000,0.000,93.062,1.899
-0.000,0.153,0.331,0.013,90.000,93.062,0.000,0.000,93.062,1.915
-0.000,0.153,0.331,0.013,90.000,93.062,0.000,0.000,93.062,1.934
-0.000,0.153,0.331,0.013,90.000,93.062,0.000,0.000,93.062,1.949
-0.000,0.153,0.331,0.013,90.000,93.062,0.000,0.000,93.062,1.972
-0.000,0.153,0.335,0.013,90.000,93.062,0.000,0.000,93.062,1.989
-0.000,0.153,0.328,0.013,90.000,93.062,0.000,0.000,93.062,2.007
-0.000,0.153,0.331,0.013,90.000,93.062,0.000,0.000,93.062,2.025
-0.000,-0.874,0.338,-0.073,90.000,92.749,-17.686,-1000.000,-93.062,2.042
-0.000,-1.028,0.134,-0.086,90.000,92.052,-36.678,-1000.000,-93.062,2.061
-0.000,-1.177,0.083,-0.098,90.000,91.173,-53.211,-1000.000,-93.062,2.080
-0.000,-1.365,0.127,-0.114,90.000,89.800,-72.222,-1000.000,-93.062,2.098
-0.000,-1.566,0.164,-0.130,90.000,88.120,-90.729,-1000.000,-93.062,2.118
-0.000,-1.777,0.174,-0.148,90.000,86.163,-108.733,-1000.000,-93.062,2.135
-0.000,-2.041,0.357,-0.170,89.000,83.491,-129.386,-1000.000,-93.062,2.155
-40.000,-2.145,0.433,-0.179,87.000,81.077,-145.925,-1000.000,-93.062,2.171
-80.000,-2.345,0.554,-0.195,86.000,77.781,-165.802,-1000.000,-93.062,2.187
-80.000,-2.522,0.820,-0.210,84.000,74.866,-181.834,-1000.000,-93.062,2.209
-80.000,-2.683,0.820,-0.224,82.000,71.676,-197.951,-1000.000,-93.062,2.229
-120.000,-3.027,0.867,-0.252,79.000,65.998,-223.369,-1000.000,-93.062,2.248
-140.000,-3.068,0.962,-0.256,76.000,62.058,-239.800,-1000.000,-93.062,2.266
-180.000,-3.296,0.951,-0.275,72.000,56.964,-259.437,-1000.000,-93.062,2.282
-220.000,-3.384,1.060,-0.282,67.000,52.190,-276.688,-1000.000,-93.062,2.303
-280.000,-3.380,1.151,-0.282,60.000,47.486,-292.759,-1000.000,-93.062,2.323
-320.000,-3.498,1.067,-0.292,52.000,40.947,-313.608,-1000.000,-93.062,2.345
-340.000,-3.447,0.984,-0.287,42.000,34.283,-333.586,-1000.000,-93.062,2.369
-400.000,-3.494,0.871,-0.291,33.000,26.355,-355.863,-1000.000,-93.062,2.387
-440.000,-3.594,0.838,-0.300,26.000,17.496,-379.224,-1000.000,-93.062,2.403
-460.000,-3.628,0.776,-0.302,18.000,10.000,-398.057,-1000.000,-93.062,2.418
-500.000,-3.670,0.721,-0.306,9.000,3.532,-413.690,-1000.000,-93.062,2.435
-500.000,-3.660,0.703,-0.305,-1.000,-3.120,-429.190,-1000.000,-93.062,2.453
-540.000,-2.378,0.637,-0.198,-13.000,-9.986,-412.547,1000.000,-93.062,2.475
-540.000,-2.026,0.630,-0.169,-23.000,-17.264,-394.079,1000.000,-93.062,2.495
-520.000,-1.725,0.273,-0.144,-31.000,-25.398,-372.224,1000.000,-93.062,2.512
-520.000,-1.567,0.182,-0.131,-39.000,-32.300,-352.654,1000.000,-93.062,2.530
-460.000,-1.383,0.145,-0.115,-48.000,-37.939,-335.866,1000.000,-93.062,2.550
-460.000,-1.132,0.123,-0.094,-61.000,-43.868,-317.172,1000.000,-93.062,2.577
-460.000,-0.666,0.127,-0.056,-68.000,-49.578,-298.012,1000.000,-93.062,2.593
-460.000,-0.493,0.098,-0.041,-76.000,-56.931,-270.866,1000.000,-93.062,2.612
-420.000,-0.290,0.094,-0.024,-83.000,-61.185,-254.123,1000.000,-93.062,2.630
-380.000,-0.060,0.069,-0.005,-89.000,-65.478,-235.926,1000.000,-93.062,2.649
-360.000,0.133,0.051,0.011,-97.000,-69.620,-216.826,1000.000,-93.062,2.673
-320.000,0.428,0.051,0.036,-102.000,-73.151,-199.091,1000.000,-93.062,2.692
-260.000,-0.779,0.346,-0.065,-105.000,-78.748,-224.072,-1000.000,-93.062,2.708
-200.000,0.238,0.360,0.020,-109.000,-82.537,-205.649,1000.000,-93.062,2.731
-140.000,0.257,0.251,0.021,-111.000,-85.559,-189.720,1000.000,-93.062,2.749
-120.000,0.270,0.123,0.023,-113.000,-89.357,-166.976,1000.000,-93.062,2.769
-120.000,0.329,0.058,0.027,-113.000,-92.162,-148.025,1000.000,-93.062,2.785
-60.000,1.077,0.036,0.090,-113.000,-93.062,0.000,0.000,-93.062,2.801
-20.000,1.037,0.025,0.086,-113.000,-93.062,0.000,0.000,-93.062,2.819
-0.000,0.997,0.014,0.083,-113.000,-93.062,0.000,0.000,-93.062,2.838
-0.000,0.997,0.061,0.083,-113.000,-93.062,0.000,0.000,-93.062,2.852
-0.000,0.997,0.105,0.083,-113.000,-93.062,0.000,0.000,-93.062,2.869
-0.000,0.997,0.116,0.083,-113.000,-93.062,0.000,0.000,-93.062,2.884
-0.000,0.997,0.167,0.083,-113.000,-93.062,0.000,0.000,-93.062,2.898
-0.000,0.997,0.167,0.083,-113.000,-93.062,0.000,0.000,-93.062,2.918
20.000,0.947,0.167,0.079,-112.000,-93.062,0.000,0.000,-93.062,2.934
20.000,0.927,0.215,0.077,-111.000,-93.062,0.000,0.000,-93.062,2.959
40.000,0.857,0.196,0.071,-111.000,-93.062,0.000,0.000,-93.062,2.976
40.000,0.877,0.240,0.073,-110.000,-93.062,0.000,0.000,-93.062,3.004
40.000,0.827,0.229,0.069,-109.000,-93.062,0.000,0.000,-93.062,3.023
60.000,0.757,0.236,0.063,-108.000,-93.062,0.000,0.000,-93.062,3.039
40.000,0.687,0.211,0.057,-108.000,-93.062,0.000,0.000,-93.062,3.057
40.000,0.727,0.171,0.061,-107.000,-93.062,0.000,0.000,-93.062,3.081
40.000,0.677,0.171,0.056,-106.000,-93.062,0.000,0.000,-93.062,3.104
60.000,0.607,0.207,0.051,-105.000,-93.062,0.000,0.000,-93.062,3.122
40.000,0.557,0.262,0.046,-105.000,-93.062,0.000,0.000,-93.062,3.140
40.000,0.577,0.236,0.048,-104.000,-93.062,0.000,0.000,-93.062,3.158
20.000,0.507,0.229,0.042,-104.000,-93.062,0.000,0.000,-93.062,3.174
20.000,0.527,0.204,0.044,-103.000,-93.062,0.000,0.000,-93.062,3.191
20.000,0.457,0.233,0.038,-103.000,-93.062,0.000,0.000,-93.062,3.208
20.000,0.477,0.266,0.040,-103.000,-93.062,0.000,0.000,-93.062,3.223
20.000,0.477,0.335,0.040,-102.000,-93.062,0.000,0.000,-93.062,3.253
40.000,0.427,0.324,0.036,-101.000,-93.062,0.000,0.000,-93.062,3.270
40.000,0.357,0.349,0.030,-101.000,-93.062,0.000,0.000,-93.062,3.290
40.000,0.307,0.244,0.026,-100.000,-93.062,0.000,0.000,-93.062,3.308
20.000,0.307,0.222,0.026,-99.000,-93.062,0.000,0.000,-93.062,3.324
20.000,0.257,0.215,0.021,-99.000,-93.062,0.000,0.000,-93.062,3.350
20.000,0.277,0.233,0.023,-99.000,-93.062,0.000,0.000,-93.062,3.366
-0.000,0.297,0.218,0.025,-99.000,-93.062,0.000,0.000,-93.062,3.390
-0.000,0.297,0.284,0.025,-99.000,-93.062,0.000,0.000,-93.062,3.405
20.000,0.297,0.247,0.025,-98.000,-93.062,0.000,0.000,-93.062,3.419
40.000,0.157,0.204,0.013,-96.000,-93.062,0.000,0.000,-93.062,3.442
60.000,0.087,0.164,0.007,-96.000,-93.062,0.000,0.000,-93.062,3.458
40.000,0.087,0.164,0.007,-96.000,-93.062,0.000,0.000,-93.062,3.476
20.000,0.127,0.149,0.011,-95.000,-93.062,0.000,0.000,-93.062,3.492
20.000,0.077,0.149,0.006,-95.000,-93.062,0.000,0.000,-93.062,3.515
40.000,0.027,0.171,0.002,-94.000,-93.062,0.000,0.000,-93.062,3.533
20.000,0.007,0.156,0.001,-94.000,-93.062,0.000,0.000,-93.062,3.549
20.000,0.027,0.153,0.002,-94.000,-93.062,0.000,0.000,-93.062,3.567
-0.000,0.047,0.153,0.004,-94.000,-93.062,0.000,0.000,-93.062,3.587
-0.000,0.047,0.185,0.004,-94.000,-93.062,0.000,0.000,-93.062,3.602
-0.000,0.047,0.182,0.004,-94.000,-93.062,0.000,0.000,-93.062,3.622
-0.000,0.047,0.193,0.004,-94.000,-93.062,0.000,0.000,-93.062,3.638
-0.000,0.047,0.196,0.004,-94.000,-93.062,0.000,0.000,-93.062,3.653
-0.000,0.047,0.196,0.004,-94.000,-93.062,0.000,0.000,-93.062,3.671
-0.000,0.047,0.200,0.004,-94.000,-93.062,0.000,0.000,-93.062,3.686
-0.000,0.047,0.204,0.004,-94.000,-93.062,0.000,0.000,-93.062,3.706
-0.000,0.047,0.211,0.004,-94.000,-93.062,0.000,0.000,-93.062,3.721
-0.000,0.047,0.204,0.004,-94.000,-93.062,0.000,0.000,-93.062,3.735
-0.000,0.047,0.207,0.004,-94.000,-93.062,0.000,0.000,-93.062,3.749
-0.000,0.047,0.207,0.004,-94.000,-93.062,0.000,0.000,-93.062,3.774
-0.000,0.047,0.207,0.004,-94.000,-93.062,0.000,0.000,-93.062,3.791
-0.000,0.047,0.207,0.004,-94.000,-93.062,0.000,0.000,-93.062,3.809
-0.000,0.047,0.211,0.004,-94.000,-93.062,0.000,0.000,-93.062,3.824
-0.000,0.047,0.211,0.004,-94.000,-93.062,0.000,0.000,-93.062,3.838
-0.000,0.047,0.211,0.004,-94.000,-93.062,0.000,0.000,-93.062,3.854
-0.000,0.047,0.211,0.004,-94.000,-93.062,0.000,0.000,-93.062,3.870
-0.000,0.047,0.207,0.004,-94.000,-93.062,0.000,0.000,-93.062,3.885
-0.000,0.047,0.204,0.004,-94.000,-93.062,0.000,0.000,-93.062,3.908
-0.000,0.047,0.204,0.004,-94.000,-93.062,0.000,0.000,-93.062,3.922
-0.000,0.047,0.207,0.004,-94.000,-93.062,0.000,0.000,-93.062,3.937
-0.000,0.047,0.207,0.004,-94.000,-93.062,0.000,0.000,-93.062,3.960
-0.000,0.047,0.211,0.004,-94.000,-93.062,0.000,0.000,-93.062,3.975
-0.000,0.047,0.211,0.004,-94.000,-93.062,0.000,0.000,-93.062,3.994
-0.000,0.047,0.204,0.004,-94.000,-93.062,0.000,0.000,-93.062,4.012
-0.000,0.047,0.204,0.004,-94.000,-93.062,0.000,0.000,-93.062,4.031
-0.000,1.106,0.207,0.092,-94.000,-92.596,21.590,1000.000,93.062,4.053
-0.000,1.228,0.207,0.102,-94.000,-92.046,36.604,1000.000,93.062,4.068
-0.000,1.428,0.207,0.119,-94.000,-90.783,58.272,1000.000,93.062,4.087
20.000,1.576,0.634,0.131,-92.000,-89.698,73.115,1000.000,93.062,4.102
80.000,1.580,0.790,0.132,-89.000,-87.886,92.669,1000.000,93.062,4.118
120.000,1.634,1.133,0.136,-87.000,-86.278,107.614,1000.000,93.062,4.141
120.000,1.689,0.900,0.141,-85.000,-84.355,123.220,1000.000,93.062,4.156
140.000,1.861,0.852,0.155,-81.000,-80.889,146.824,1000.000,93.062,4.171
180.000,1.886,0.696,0.157,-77.000,-78.461,161.828,1000.000,93.062,4.192
200.000,1.872,0.798,0.156,-73.000,-75.822,176.760,1000.000,93.062,4.207
220.000,2.002,0.656,0.167,-67.000,-71.803,197.146,1000.000,93.062,4.232
280.000,1.855,0.612,0.155,-60.000,-68.493,212.704,1000.000,93.062,4.256
300.000,1.893,0.521,0.158,-49.000,-62.509,237.865,1000.000,93.062,4.289
340.000,1.831,0.532,0.153,-43.000,-56.056,262.450,1000.000,93.062,4.307
320.000,2.127,0.441,0.177,-36.000,-46.731,294.153,1000.000,93.062,4.326
340.000,2.238,0.422,0.186,-30.000,-40.869,312.886,1000.000,93.062,4.342
360.000,2.373,0.455,0.198,-25.000,-34.553,331.917,1000.000,93.062,4.357
360.000,2.470,0.444,0.206,-14.000,-29.176,347.395,1000.000,93.062,4.386
380.000,2.267,0.422,0.189,-9.000,-23.725,362.435,1000.000,93.062,4.401
380.000,2.706,0.455,0.226,-1.000,-12.547,391.021,1000.000,93.062,4.421
380.000,2.702,0.484,0.225,5.000,-6.497,405.924,1000.000,93.062,4.435
380.000,3.005,0.579,0.250,11.000,2.024,425.931,1000.000,93.062,4.450
420.000,3.052,0.594,0.254,20.000,8.512,440.655,1000.000,93.062,4.471
420.000,1.855,0.645,0.155,27.000,14.854,425.761,-1000.000,93.062,4.487
420.000,1.800,0.430,0.150,32.000,23.434,404.552,-1000.000,93.062,4.502
400.000,1.774,0.251,0.148,39.000,29.463,389.055,-1000.000,93.062,4.519
400.000,1.610,0.185,0.134,45.000,35.074,374.055,-1000.000,93.062,4.535
380.000,1.477,0.200,0.123,54.000,41.168,356.983,-1000.000,93.062,4.561
360.000,1.302,0.251,0.109,60.000,47.704,337.626,-1000.000,93.062,4.576
360.000,1.214,0.258,0.101,65.000,54.763,315.232,-1000.000,93.062,4.593
320.000,1.118,0.196,0.093,71.000,59.393,299.786,-1000.000,93.062,4.613
280.000,1.023,0.171,0.085,75.000,64.259,282.568,-1000.000,93.062,4.629
280.000,0.949,0.167,0.079,81.000,69.472,262.726,-1000.000,93.062,4.649
280.000,0.747,0.215,0.062,85.000,73.476,246.482,-1000.000,93.062,4.666
280.000,0.669,0.251,0.056,89.000,78.080,226.120,-1000.000,93.062,4.684
240.000,0.540,0.211,0.045,93.000,81.674,208.915,-1000.000,93.062,4.701
220.000,0.485,0.171,0.040,95.000,84.889,192.187,-1000.000,93.062,4.718
180.000,0.378,0.145,0.031,99.000,87.953,174.642,-1000.000,93.062,4.740
180.000,0.244,0.102,0.020,103.000,90.565,158.128,-1000.000,93.062,4.756
180.000,-0.677,0.094,-0.056,105.000,93.062,0.000,0.000,93.062,4.774
180.000,-0.807,0.134,-0.067,107.000,93.062,0.000,0.000,93.062,4.793
120.000,-0.907,0.083,-0.076,108.000,93.062,0.000,0.000,93.062,4.816
60.000,-0.827,0.076,-0.069,108.000,93.062,0.000,0.000,93.062,4.835
20.000,-0.817,0.032,-0.068,109.000,93.062,0.000,0.000,93.062,4.852
40.000,-0.867,0.010,-0.072,110.000,93.062,0.000,0.000,93.062,4.868
40.000,-0.887,0.014,-0.074,110.000,93.062,0.000,0.000,93.062,4.887
20.000,-0.887,0.058,-0.074,110.000,93.062,0.000,0.000,93.062,4.907
-0.000,-0.867,0.069,-0.072,110.000,93.062,0.000,0.000,93.062,4.928
-0.000,-0.847,0.069,-0.071,110.000,93.062,0.000,0.000,93.062,4.947
-0.000,-0.847,0.069,-0.071,110.000,93.062,0.000,0.000,93.062,4.965
-0.000,-0.847,0.069,-0.071,110.000,93.062,0.000,0.000,93.062,4.988
-0.000,-0.847,0.091,-0.071,110.000,93.062,0.000,0.000,93.062,5.005
-0.000,-0.847,0.091,-0.071,110.000,93.062,0.000,0.000,93.062,5.024
-0.000,-0.847,0.091,-0.071,110.000,93.062,0.000,0.000,93.062,5.045
-0.000,-0.847,0.138,-0.071,110.000,93.062,0.000,0.000,93.062,5.073
-0.000,-0.847,0.138,-0.071,110.000,93.062,0.000,0.000,93.062,5.092
-0.000,-0.847,0.167,-0.071,110.000,93.062,0.000,0.000,93.062,5.108
-0.000,-0.847,0.160,-0.071,110.000,93.062,0.000,0.000,93.062,5.124
-0.000,-0.847,0.174,-0.071,110.000,93.062,0.000,0.000,93.062,5.139
-0.000,-0.847,0.222,-0.071,110.000,93.062,0.000,0.000,93.062,5.156
-0.000,-0.847,0.240,-0.071,109.000,93.062,0.000,0.000,93.062,5.175
-20.000,-0.777,0.244,-0.065,109.000,93.062,0.000,0.000,93.062,5.194
-20.000,-0.777,0.258,-0.065,109.000,93.062,0.000,0.000,93.062,5.214
-0.000,-0.777,0.284,-0.065,109.000,93.062,0.000,0.000,93.062,5.234
-0.000,-0.797,0.331,-0.066,109.000,93.062,0.000,0.000,93.062,5.252
-0.000,-0.797,0.331,-0.066,109.000,93.062,0.000,0.000,93.062,5.277
-0.000,-0.797,0.382,-0.066,108.000,93.062,0.000,0.000,93.062,5.296
-40.000,-0.727,0.419,-0.061,107.000,93.062,0.000,0.000,93.062,5.320
-40.000,-0.657,0.400,-0.055,106.000,93.062,0.000,0.000,93.062,5.341
-60.000,-0.607,0.295,-0.051,105.000,93.062,0.000,0.000,93.062,5.363
-60.000,-0.557,0.273,-0.046,104.000,93.062,0.000,0.000,93.062,5.379
-60.000,-0.437,0.233,-0.036,103.000,93.062,0.000,0.000,93.062,5.402
-60.000,-0.457,0.204,-0.038,102.000,93.062,0.000,0.000,93.062,5.418
-60.000,-0.387,0.178,-0.032,101.000,93.062,0.000,0.000,93.062,5.435
-40.000,-0.357,0.193,-0.030,101.000,93.062,0.000,0.000,93.062,5.453
-20.000,-0.357,0.258,-0.030,101.000,93.062,0.000,0.000,93.062,5.468
-0.000,-0.377,0.284,-0.031,101.000,93.062,0.000,0.000,93.062,5.489
-0.000,-0.397,0.298,-0.033,100.000,93.062,0.000,0.000,93.062,5.509
-20.000,-0.327,0.287,-0.027,100.000,93.062,0.000,0.000,93.062,5.526
-20.000,-0.327,0.284,-0.027,99.000,93.062,0.000,0.000,93.062,5.543
-40.000,-0.257,0.247,-0.021,99.000,93.062,0.000,0.000,93.062,5.560
-20.000,-0.277,0.247,-0.023,99.000,93.062,0.000,0.000,93.062,5.578
-0.000,-0.277,0.251,-0.023,99.000,93.062,0.000,0.000,93.062,5.597
-0.000,-0.297,0.269,-0.025,99.000,93.062,0.000,0.000,93.062,5.613
-0.000,-0.297,0.280,-0.025,99.000,93.062,0.000,0.000,93.062,5.628
-0.000,-0.297,0.346,-0.025,99.000,93.062,0.000,0.000,93.062,5.645
-0.000,-0.297,0.371,-0.025,98.000,93.062,0.000,0.000,93.062,5.662
-20.000,-0.227,0.400,-0.019,98.000,93.062,0.000,0.000,93.062,5.680
-20.000,-0.227,0.415,-0.019,97.000,93.062,0.000,0.000,93.062,5.701
-20.000,-0.157,0.371,-0.013,97.000,93.062,0.000,0.000,93.062,5.719
-20.000,-0.177,0.349,-0.015,97.000,93.062,0.000,0.000,93.062,5.735
-40.000,-0.127,0.313,-0.011,96.000,93.062,0.000,0.000,93.062,5.754
-20.000,-0.127,0.280,-0.011,95.000,93.062,0.000,0.000,93.062,5.770
-40.000,-0.057,0.266,-0.005,95.000,93.062,0.000,0.000,93.062,5.792
-20.000,-0.077,0.244,-0.006,95.000,93.062,0.000,0.000,93.062,5.812
-20.000,-0.077,0.240,-0.006,94.000,93.062,0.000,0.000,93.062,5.837
-20.000,-0.027,0.251,-0.002,94.000,93.062,0.000,0.000,93.062,5.856
-40.000,-0.027,0.266,-0.002,93.000,93.062,0.000,0.000,93.062,5.872
-20.000,0.023,0.291,0.002,93.000,93.062,0.000,0.000,93.062,5.888
-20.000,0.023,0.287,0.002,93.000,93.062,0.000,0.000,93.062,5.902
-0.000,0.023,0.269,0.002,93.000,93.062,0.000,0.000,93.062,5.922
-20.000,0.073,0.266,0.006,92.000,93.062,0.000,0.000,93.062,5.941
-20.000,0.073,0.222,0.006,92.000,93.062,0.000,0.000,93.062,5.956
-20.000,0.073,0.222,0.006,92.000,93.062,0.000,0.000,93.062,5.976
-0.000,0.053,0.222,0.004,92.000,93.062,0.000,0.000,93.062,5.992
-0.000,0.053,0.269,0.004,92.000,93.062,0.000,0.000,93.062,6.009
-0.000,0.053,0.273,0.004,92.000,93.062,0.000,0.000,93.062,6.030
-0.000,0.053,0.255,0.004,92.000,93.062,0.000,0.000,93.062,6.047
-0.000,-1.006,0.240,-0.084,92.000,92.594,-21.616,-1000.000,-93.062,6.065
-0.000,-1.143,0.229,-0.095,92.000,91.957,-38.279,-1000.000,-93.062,6.081
-20.000,-1.304,0.510,-0.109,91.000,90.965,-55.990,-1000.000,-93.062,6.103
-40.000,-1.396,0.736,-0.116,90.000,89.784,-72.316,-1000.000,-93.062,6.122
-60.000,-1.575,0.692,-0.131,88.000,87.650,-94.827,-1000.000,-93.062,6.138
-60.000,-1.676,0.867,-0.140,86.000,85.552,-113.336,-1000.000,-93.062,6.156
-100.000,-1.764,0.867,-0.147,84.000,83.442,-129.613,-1000.000,-93.062,6.173
-140.000,-1.818,0.816,-0.152,81.000,80.816,-147.429,-1000.000,-93.062,6.191
-160.000,-1.888,0.841,-0.157,77.000,78.099,-163.993,-1000.000,-93.062,6.210
-200.000,-2.008,0.794,-0.167,73.000,74.666,-182.779,-1000.000,-93.062,6.227
-200.000,-2.072,0.729,-0.173,69.000,70.931,-201.330,-1000.000,-93.062,6.244
-240.000,-2.077,0.772,-0.173,65.000,67.191,-218.448,-1000.000,-93.062,6.260
-260.000,-2.158,0.739,-0.180,59.000,63.273,-235.113,-1000.000,-93.062,6.279
-280.000,-2.144,0.718,-0.179,53.000,59.188,-251.366,-1000.000,-93.062,6.299
-320.000,-2.128,0.692,-0.177,48.000,54.084,-270.251,-1000.000,-93.062,6.315
-320.000,-2.375,0.685,-0.198,43.000,48.131,-290.727,-1000.000,-93.062,6.331
-340.000,-2.443,0.652,-0.204,36.000,43.336,-306.377,-1000.000,-93.062,6.350
-360.000,-2.326,0.663,-0.194,26.000,38.269,-322.107,-1000.000,-93.062,6.376
-380.000,-2.361,0.564,-0.197,18.000,30.884,-343.603,-1000.000,-93.062,6.396
-380.000,-2.548,0.524,-0.212,11.000,21.834,-368.181,-1000.000,-93.062,6.412
-400.000,-2.726,0.499,-0.227,5.000,14.317,-387.576,-1000.000,-93.062,6.427
-400.000,-2.842,0.597,-0.237,-3.000,7.983,-403.284,-1000.000,-93.062,6.448
-420.000,-2.815,0.645,-0.235,-12.000,1.470,-418.833,-1000.000,-93.062,6.468
-420.000,-2.979,0.630,-0.248,-21.000,-7.600,-439.472,-1000.000,-93.062,6.489
-440.000,-1.755,0.780,-0.146,-29.000,-16.076,-419.254,1000.000,-93.062,6.506
-440.000,-1.692,0.794,-0.141,-37.000,-24.481,-398.145,1000.000,-93.062,6.523
-460.000,-1.479,0.470,-0.123,-49.000,-30.657,-381.975,1000.000,-93.062,6.550
-460.000,-1.012,0.247,-0.084,-56.000,-36.843,-365.028,1000.000,-93.062,6.567
-420.000,-0.968,0.193,-0.081,-65.000,-45.982,-337.989,1000.000,-93.062,6.587
-420.000,-0.774,0.156,-0.064,-71.000,-51.419,-321.056,1000.000,-93.062,6.602
-420.000,-0.670,0.127,-0.056,-79.000,-57.489,-300.882,1000.000,-93.062,6.621
-440.000,-0.320,0.120,-0.027,-88.000,-61.771,-285.903,1000.000,-93.062,6.643
-420.000,-0.037,0.076,-0.003,-94.000,-66.965,-266.409,1000.000,-93.062,6.658
-380.000,0.116,0.065,0.010,-100.000,-72.208,-245.010,1000.000,-93.062,6.678
-340.000,0.295,0.065,0.025,-105.000,-75.808,-229.311,1000.000,-93.062,6.693
-300.000,0.403,0.222,0.034,-109.000,-79.905,-209.781,1000.000,-93.062,6.708
-260.000,0.481,0.193,0.040,-114.000,-82.888,-194.439,1000.000,-93.062,6.731
-220.000,0.631,0.193,0.053,-118.000,-85.555,-179.588,1000.000,-93.062,6.757
-160.000,0.805,0.134,0.067,-121.000,-89.293,-155.557,1000.000,-93.062,6.785
-120.000,0.839,0.153,0.070,-122.000,-92.536,-130.759,1000.000,-93.062,6.802
-60.000,1.547,0.142,0.129,-123.000,-93.062,0.000,0.000,-93.062,6.828
-40.000,1.557,0.266,0.130,-123.000,-93.062,0.000,0.000,-93.062,6.847
-20.000,1.517,0.313,0.126,-122.000,-93.062,0.000,0.000,-93.062,6.865
20.000,1.427,0.335,0.119,-122.000,-93.062,0.000,0.000,-93.062,6.888
40.000,1.427,0.324,0.119,-121.000,-93.062,0.000,0.000,-93.062,6.902
20.000,1.357,0.295,0.113,-120.000,-93.062,0.000,0.000,-93.062,6.922
60.000,1.307,0.287,0.109,-119.000,-93.062,0.000,0.000,-93.062,6.938
40.000,1.237,0.328,0.103,-119.000,-93.062,0.000,0.000,-93.062,6.953
60.000,1.257,0.309,0.105,-118.000,-93.062,0.000,0.000,-93.062,6.971
40.000,1.207,0.313,0.101,-117.000,-93.062,0.000,0.000,-93.062,6.987
60.000,1.157,0.382,0.096,-115.000,-93.062,0.000,0.000,-93.062,7.005
60.000,1.017,0.346,0.085,-114.000,-93.062,0.000,0.000,-93.062,7.021
80.000,0.967,0.371,0.081,-113.000,-93.062,0.000,0.000,-93.062,7.038
80.000,0.867,0.324,0.072,-111.000,-93.062,0.000,0.000,-93.062,7.061
80.000,0.747,0.287,0.062,-109.000,-93.062,0.000,0.000,-93.062,7.077
100.000,0.717,0.153,0.060,-107.000,-93.062,0.000,0.000,-93.062,7.098
80.000,0.597,0.112,0.050,-106.000,-93.062,0.000,0.000,-93.062,7.120
60.000,0.497,0.127,0.041,-105.000,-93.062,0.000,0.000,-93.062,7.138
40.000,0.557,0.185,0.046,-105.000,-93.062,0.000,0.000,-93.062,7.164
40.000,0.552,0.058,0.046,-102.000,-93.062,0.000,0.000,-93.062,7.199